Label,C1,C2,C3,C4,C5,C6,C7,C8,C9,C10,C11
6,0,male,highschool,TX,RFP/Cloud/Objective-C/Swift/Wireframing/,0,male,master,GA,UX Designer,HTML/CSS/Photoshop/Illustrator/AfterEffect/Wireframing
5,0,male,highschool,TX,RFP/Cloud/Objective-C/Swift/Wireframing/,1,male,bachelor,TX,Sales Engineer,PaaS/IaaS/Cloud/RFI/RFP/SQL
7,0,male,highschool,TX,RFP/Cloud/Objective-C/Swift/Wireframing/,2,female,master,TX,Product Engineer,CAD/CAM
0,0,male,highschool,TX,RFP/Cloud/Objective-C/Swift/Wireframing/,3,male,bachelor,AZ,Quality Assurance Engineer,HTML/CSS/XML/NodeJS/Angular/NoSQL
0,0,male,highschool,TX,RFP/Cloud/Objective-C/Swift/Wireframing/,4,female,bachelor,NY,Enterprise Engineer,SOAP/REST APIs/GraphQL/React/Angular/UI/UX
4,0,male,highschool,TX,RFP/Cloud/Objective-C/Swift/Wireframing/,5,male,bachelor,AZ,Full Stack Software Engineer,HTML/CSS/Javascript/RESTful APIs/Bootstrap/jQuery/Angular/React/Git/C/C++/Java/C#/Ruby/Python/Flask/Datastrcutes and Algorithms/Operating System/Linux
7,0,male,highschool,TX,RFP/Cloud/Objective-C/Swift/Wireframing/,6,male,master,NJ,Sales Engineer,PaaS/IaaS/Cloud/RFI/RFP/SQL
10,0,male,highschool,TX,RFP/Cloud/Objective-C/Swift/Wireframing/,7,female,master,AZ,Front-End Software Engineer,HTML/CSS/Javascript/RESTful APIs/Bootstrap/jQuery/Angular/React/Git
4,0,male,highschool,TX,RFP/Cloud/Objective-C/Swift/Wireframing/,8,male,bachelor,WA,Site Reliability Engineer,C/C++/Java/Python/Go/Perl/Ruby/Unix/Linux/TCP/IP/SDN
9,0,male,highschool,TX,RFP/Cloud/Objective-C/Swift/Wireframing/,9,female,bachelor,CA,Back-End Software Engineer,C/C++/Java/C#/Ruby/Python/Flask/Datastrcutes and Algorithms/Operating System/Linux/Git
7,1,female,bachelor,NY,XML/XML/Unix/React/Wireframing/,0,male,bachelor,AZ,Full Stack Software Engineer,HTML/CSS/Javascript/RESTful APIs/Bootstrap/jQuery/Angular/React/Git/C/C++/Java/C#/Ruby/Python/Flask/Datastrcutes and Algorithms/Operating System/Linux
1,1,female,bachelor,NY,XML/XML/Unix/React/Wireframing/,1,male,bachelor,AZ,Mobile Software Engineer,Java/C#/Objective-C/Swift
1,1,female,bachelor,NY,XML/XML/Unix/React/Wireframing/,2,male,bachelor,NY,UX Designer,HTML/CSS/Photoshop/Illustrator/AfterEffect/Wireframing
10,1,female,bachelor,NY,XML/XML/Unix/React/Wireframing/,3,female,master,UT,Site Reliability Engineer,C/C++/Java/Python/Go/Perl/Ruby/Unix/Linux/TCP/IP/SDN
6,1,female,bachelor,NY,XML/XML/Unix/React/Wireframing/,4,male,master,TX,Back-End Software Engineer,C/C++/Java/C#/Ruby/Python/Flask/Datastrcutes and Algorithms/Operating System/Linux/Git
5,1,female,bachelor,NY,XML/XML/Unix/React/Wireframing/,5,female,master,NJ,Full Stack Software Engineer,HTML/CSS/Javascript/RESTful APIs/Bootstrap/jQuery/Angular/React/Git/C/C++/Java/C#/Ruby/Python/Flask/Datastrcutes and Algorithms/Operating System/Linux
10,1,female,bachelor,NY,XML/XML/Unix/React/Wireframing/,6,male,bachelor,UT,Front-End Software Engineer,HTML/CSS/Javascript/RESTful APIs/Bootstrap/jQuery/Angular/React/Git
9,1,female,bachelor,NY,XML/XML/Unix/React/Wireframing/,7,female,bachelor,GA,Quality Assurance Engineer,HTML/CSS/XML/NodeJS/Angular/NoSQL
3,1,female,bachelor,NY,XML/XML/Unix/React/Wireframing/,8,male,bachelor,CA,Full Stack Software Engineer,HTML/CSS/Javascript/RESTful APIs/Bootstrap/jQuery/Angular/React/Git/C/C++/Java/C#/Ruby/Python/Flask/Datastrcutes and Algorithms/Operating System/Linux
4,1,female,bachelor,NY,XML/XML/Unix/React/Wireframing/,9,male,master,TX,Enterprise Engineer,SOAP/REST APIs/GraphQL/React/Angular/UI/UX
6,2,female,bachelor,UT,Bootstrap/UX/CAM/XML/Python/,0,female,bachelor,AZ,Mobile Software Engineer,Java/C#/Objective-C/Swift
4,2,female,bachelor,UT,Bootstrap/UX/CAM/XML/Python/,1,male,bachelor,NJ,Quality Assurance Engineer,HTML/CSS/XML/NodeJS/Angular/NoSQL
3,2,female,bachelor,UT,Bootstrap/UX/CAM/XML/Python/,2,female,master,TX,Enterprise Engineer,SOAP/REST APIs/GraphQL/React/Angular/UI/UX
10,2,female,bachelor,UT,Bootstrap/UX/CAM/XML/Python/,3,female,master,NJ,Sales Engineer,PaaS/IaaS/Cloud/RFI/RFP/SQL
7,2,female,bachelor,UT,Bootstrap/UX/CAM/XML/Python/,4,female,bachelor,GA,Full Stack Software Engineer,HTML/CSS/Javascript/RESTful APIs/Bootstrap/jQuery/Angular/React/Git/C/C++/Java/C#/Ruby/Python/Flask/Datastrcutes and Algorithms/Operating System/Linux
1,2,female,bachelor,UT,Bootstrap/UX/CAM/XML/Python/,5,male,bachelor,GA,Sales Engineer,PaaS/IaaS/Cloud/RFI/RFP/SQL
5,2,female,bachelor,UT,Bootstrap/UX/CAM/XML/Python/,6,female,bachelor,TX,Enterprise Engineer,SOAP/REST APIs/GraphQL/React/Angular/UI/UX
6,2,female,bachelor,UT,Bootstrap/UX/CAM/XML/Python/,7,male,master,GA,Front-End Software Engineer,HTML/CSS/Javascript/RESTful APIs/Bootstrap/jQuery/Angular/React/Git
2,2,female,bachelor,UT,Bootstrap/UX/CAM/XML/Python/,8,male,bachelor,GA,Mobile Software Engineer,Java/C#/Objective-C/Swift
7,2,female,bachelor,UT,Bootstrap/UX/CAM/XML/Python/,9,female,master,GA,Front-End Software Engineer,HTML/CSS/Javascript/RESTful APIs/Bootstrap/jQuery/Angular/React/Git
1,3,female,highschool,UT,C/Illustrator/NoSQL/Objective-C/AfterEffect/,0,male,master,AZ,Sales Engineer,PaaS/IaaS/Cloud/RFI/RFP/SQL
9,3,female,highschool,UT,C/Illustrator/NoSQL/Objective-C/AfterEffect/,1,male,bachelor,GA,UX Designer,HTML/CSS/Photoshop/Illustrator/AfterEffect/Wireframing
1,3,female,highschool,UT,C/Illustrator/NoSQL/Objective-C/AfterEffect/,2,female,bachelor,NJ,Site Reliability Engineer,C/C++/Java/Python/Go/Perl/Ruby/Unix/Linux/TCP/IP/SDN
9,3,female,highschool,UT,C/Illustrator/NoSQL/Objective-C/AfterEffect/,3,female,master,GA,Quality Assurance Engineer,HTML/CSS/XML/NodeJS/Angular/NoSQL
10,3,female,highschool,UT,C/Illustrator/NoSQL/Objective-C/AfterEffect/,4,male,bachelor,CA,Product Engineer,CAD/CAM
5,3,female,highschool,UT,C/Illustrator/NoSQL/Objective-C/AfterEffect/,5,male,bachelor,CA,Front-End Software Engineer,HTML/CSS/Javascript/RESTful APIs/Bootstrap/jQuery/Angular/React/Git
8,3,female,highschool,UT,C/Illustrator/NoSQL/Objective-C/AfterEffect/,6,male,bachelor,CA,Quality Assurance Engineer,HTML/CSS/XML/NodeJS/Angular/NoSQL
3,3,female,highschool,UT,C/Illustrator/NoSQL/Objective-C/AfterEffect/,7,female,master,WA,Front-End Software Engineer,HTML/CSS/Javascript/RESTful APIs/Bootstrap/jQuery/Angular/React/Git
8,3,female,highschool,UT,C/Illustrator/NoSQL/Objective-C/AfterEffect/,8,female,master,GA,Quality Assurance Engineer,HTML/CSS/XML/NodeJS/Angular/NoSQL
9,3,female,highschool,UT,C/Illustrator/NoSQL/Objective-C/AfterEffect/,9,male,master,NY,Full Stack Software Engineer,HTML/CSS/Javascript/RESTful APIs/Bootstrap/jQuery/Angular/React/Git/C/C++/Java/C#/Ruby/Python/Flask/Datastrcutes and Algorithms/Operating System/Linux
8,4,male,highschool,GA,React/SOAP/SOAP/Python/UX/,0,female,master,GA,Product Engineer,CAD/CAM
2,4,male,highschool,GA,React/SOAP/SOAP/Python/UX/,1,male,master,WA,Quality Assurance Engineer,HTML/CSS/XML/NodeJS/Angular/NoSQL
1,4,male,highschool,GA,React/SOAP/SOAP/Python/UX/,2,female,master,CA,Front-End Software Engineer,HTML/CSS/Javascript/RESTful APIs/Bootstrap/jQuery/Angular/React/Git
7,4,male,highschool,GA,React/SOAP/SOAP/Python/UX/,3,female,bachelor,TX,UX Designer,HTML/CSS/Photoshop/Illustrator/AfterEffect/Wireframing
3,4,male,highschool,GA,React/SOAP/SOAP/Python/UX/,4,male,master,CA,Back-End Software Engineer,C/C++/Java/C#/Ruby/Python/Flask/Datastrcutes and Algorithms/Operating System/Linux/Git
0,4,male,highschool,GA,React/SOAP/SOAP/Python/UX/,5,male,bachelor,TX,Product Engineer,CAD/CAM
2,4,male,highschool,GA,React/SOAP/SOAP/Python/UX/,6,female,bachelor,AZ,Site Reliability Engineer,C/C++/Java/Python/Go/Perl/Ruby/Unix/Linux/TCP/IP/SDN
3,4,male,highschool,GA,React/SOAP/SOAP/Python/UX/,7,male,bachelor,NJ,Mobile Software Engineer,Java/C#/Objective-C/Swift
3,4,male,highschool,GA,React/SOAP/SOAP/Python/UX/,8,male,master,GA,Product Engineer,CAD/CAM
6,4,male,highschool,GA,React/SOAP/SOAP/Python/UX/,9,female,bachelor,NY,Front-End Software Engineer,HTML/CSS/Javascript/RESTful APIs/Bootstrap/jQuery/Angular/React/Git
4,5,male,highschool,NY,Illustrator/Linux/Linux/C#/CSS/,0,female,bachelor,NJ,Quality Assurance Engineer,HTML/CSS/XML/NodeJS/Angular/NoSQL
5,5,male,highschool,NY,Illustrator/Linux/Linux/C#/CSS/,1,female,bachelor,AZ,Front-End Software Engineer,HTML/CSS/Javascript/RESTful APIs/Bootstrap/jQuery/Angular/React/Git
4,5,male,highschool,NY,Illustrator/Linux/Linux/C#/CSS/,2,male,bachelor,WA,UX Designer,HTML/CSS/Photoshop/Illustrator/AfterEffect/Wireframing
10,5,male,highschool,NY,Illustrator/Linux/Linux/C#/CSS/,3,male,master,AZ,Sales Engineer,PaaS/IaaS/Cloud/RFI/RFP/SQL
6,5,male,highschool,NY,Illustrator/Linux/Linux/C#/CSS/,4,male,master,AZ,Front-End Software Engineer,HTML/CSS/Javascript/RESTful APIs/Bootstrap/jQuery/Angular/React/Git
1,5,male,highschool,NY,Illustrator/Linux/Linux/C#/CSS/,5,male,master,TX,Mobile Software Engineer,Java/C#/Objective-C/Swift
7,5,male,highschool,NY,Illustrator/Linux/Linux/C#/CSS/,6,male,bachelor,AZ,UX Designer,HTML/CSS/Photoshop/Illustrator/AfterEffect/Wireframing
9,5,male,highschool,NY,Illustrator/Linux/Linux/C#/CSS/,7,female,bachelor,CA,Mobile Software Engineer,Java/C#/Objective-C/Swift
5,5,male,highschool,NY,Illustrator/Linux/Linux/C#/CSS/,8,male,bachelor,NJ,Quality Assurance Engineer,HTML/CSS/XML/NodeJS/Angular/NoSQL
10,5,male,highschool,NY,Illustrator/Linux/Linux/C#/CSS/,9,female,master,TX,Full Stack Software Engineer,HTML/CSS/Javascript/RESTful APIs/Bootstrap/jQuery/Angular/React/Git/C/C++/Java/C#/Ruby/Python/Flask/Datastrcutes and Algorithms/Operating System/Linux
7,6,female,highschool,AZ,IaaS/Swift/Python/AfterEffect/NoSQL/,0,male,master,NY,Back-End Software Engineer,C/C++/Java/C#/Ruby/Python/Flask/Datastrcutes and Algorithms/Operating System/Linux/Git
6,6,female,highschool,AZ,IaaS/Swift/Python/AfterEffect/NoSQL/,1,female,bachelor,AZ,Product Engineer,CAD/CAM
3,6,female,highschool,AZ,IaaS/Swift/Python/AfterEffect/NoSQL/,2,female,bachelor,GA,UX Designer,HTML/CSS/Photoshop/Illustrator/AfterEffect/Wireframing
1,6,female,highschool,AZ,IaaS/Swift/Python/AfterEffect/NoSQL/,3,male,bachelor,GA,Enterprise Engineer,SOAP/REST APIs/GraphQL/React/Angular/UI/UX
9,6,female,highschool,AZ,IaaS/Swift/Python/AfterEffect/NoSQL/,4,female,bachelor,NJ,Product Engineer,CAD/CAM
3,6,female,highschool,AZ,IaaS/Swift/Python/AfterEffect/NoSQL/,5,male,bachelor,GA,Quality Assurance Engineer,HTML/CSS/XML/NodeJS/Angular/NoSQL
7,6,female,highschool,AZ,IaaS/Swift/Python/AfterEffect/NoSQL/,6,male,bachelor,WA,Mobile Software Engineer,Java/C#/Objective-C/Swift
8,6,female,highschool,AZ,IaaS/Swift/Python/AfterEffect/NoSQL/,7,male,bachelor,CA,Front-End Software Engineer,HTML/CSS/Javascript/RESTful APIs/Bootstrap/jQuery/Angular/React/Git
1,6,female,highschool,AZ,IaaS/Swift/Python/AfterEffect/NoSQL/,8,male,master,WA,Site Reliability Engineer,C/C++/Java/Python/Go/Perl/Ruby/Unix/Linux/TCP/IP/SDN
1,6,female,highschool,AZ,IaaS/Swift/Python/AfterEffect/NoSQL/,9,female,bachelor,TX,Enterprise Engineer,SOAP/REST APIs/GraphQL/React/Angular/UI/UX
9,7,male,highschool,NY,Operating System/UX/RESTful APIs/XML/IP/,0,male,master,NJ,UX Designer,HTML/CSS/Photoshop/Illustrator/AfterEffect/Wireframing
2,7,male,highschool,NY,Operating System/UX/RESTful APIs/XML/IP/,1,female,master,GA,Front-End Software Engineer,HTML/CSS/Javascript/RESTful APIs/Bootstrap/jQuery/Angular/React/Git
8,7,male,highschool,NY,Operating System/UX/RESTful APIs/XML/IP/,2,male,master,WA,Full Stack Software Engineer,HTML/CSS/Javascript/RESTful APIs/Bootstrap/jQuery/Angular/React/Git/C/C++/Java/C#/Ruby/Python/Flask/Datastrcutes and Algorithms/Operating System/Linux
3,7,male,highschool,NY,Operating System/UX/RESTful APIs/XML/IP/,3,female,master,NY,Site Reliability Engineer,C/C++/Java/Python/Go/Perl/Ruby/Unix/Linux/TCP/IP/SDN
6,7,male,highschool,NY,Operating System/UX/RESTful APIs/XML/IP/,4,female,master,NY,Full Stack Software Engineer,HTML/CSS/Javascript/RESTful APIs/Bootstrap/jQuery/Angular/React/Git/C/C++/Java/C#/Ruby/Python/Flask/Datastrcutes and Algorithms/Operating System/Linux
1,7,male,highschool,NY,Operating System/UX/RESTful APIs/XML/IP/,5,male,master,CA,Back-End Software Engineer,C/C++/Java/C#/Ruby/Python/Flask/Datastrcutes and Algorithms/Operating System/Linux/Git
6,7,male,highschool,NY,Operating System/UX/RESTful APIs/XML/IP/,6,male,bachelor,NY,Mobile Software Engineer,Java/C#/Objective-C/Swift
3,7,male,highschool,NY,Operating System/UX/RESTful APIs/XML/IP/,7,male,bachelor,CA,Sales Engineer,PaaS/IaaS/Cloud/RFI/RFP/SQL
9,7,male,highschool,NY,Operating System/UX/RESTful APIs/XML/IP/,8,female,bachelor,AZ,Product Engineer,CAD/CAM
10,7,male,highschool,NY,Operating System/UX/RESTful APIs/XML/IP/,9,female,master,AZ,Back-End Software Engineer,C/C++/Java/C#/Ruby/Python/Flask/Datastrcutes and Algorithms/Operating System/Linux/Git
8,8,male,highschool,NJ,SOAP/Ruby/IaaS/SQL/NoSQL/,0,male,master,UT,Back-End Software Engineer,C/C++/Java/C#/Ruby/Python/Flask/Datastrcutes and Algorithms/Operating System/Linux/Git
2,8,male,highschool,NJ,SOAP/Ruby/IaaS/SQL/NoSQL/,1,female,bachelor,AZ,Quality Assurance Engineer,HTML/CSS/XML/NodeJS/Angular/NoSQL
9,8,male,highschool,NJ,SOAP/Ruby/IaaS/SQL/NoSQL/,2,male,bachelor,CA,Quality Assurance Engineer,HTML/CSS/XML/NodeJS/Angular/NoSQL
5,8,male,highschool,NJ,SOAP/Ruby/IaaS/SQL/NoSQL/,3,male,bachelor,NJ,Site Reliability Engineer,C/C++/Java/Python/Go/Perl/Ruby/Unix/Linux/TCP/IP/SDN
9,8,male,highschool,NJ,SOAP/Ruby/IaaS/SQL/NoSQL/,4,male,master,NY,Quality Assurance Engineer,HTML/CSS/XML/NodeJS/Angular/NoSQL
8,8,male,highschool,NJ,SOAP/Ruby/IaaS/SQL/NoSQL/,5,male,master,WA,Full Stack Software Engineer,HTML/CSS/Javascript/RESTful APIs/Bootstrap/jQuery/Angular/React/Git/C/C++/Java/C#/Ruby/Python/Flask/Datastrcutes and Algorithms/Operating System/Linux
8,8,male,highschool,NJ,SOAP/Ruby/IaaS/SQL/NoSQL/,6,female,bachelor,WA,Mobile Software Engineer,Java/C#/Objective-C/Swift
0,8,male,highschool,NJ,SOAP/Ruby/IaaS/SQL/NoSQL/,7,male,master,CA,Site Reliability Engineer,C/C++/Java/Python/Go/Perl/Ruby/Unix/Linux/TCP/IP/SDN
3,8,male,highschool,NJ,SOAP/Ruby/IaaS/SQL/NoSQL/,8,male,master,WA,Site Reliability Engineer,C/C++/Java/Python/Go/Perl/Ruby/Unix/Linux/TCP/IP/SDN
0,8,male,highschool,NJ,SOAP/Ruby/IaaS/SQL/NoSQL/,9,female,master,NJ,Quality Assurance Engineer,HTML/CSS/XML/NodeJS/Angular/NoSQL
9,9,female,highschool,NY,Wireframing/Bootstrap/RFP/IaaS/C/,0,male,bachelor,CA,Back-End Software Engineer,C/C++/Java/C#/Ruby/Python/Flask/Datastrcutes and Algorithms/Operating System/Linux/Git
10,9,female,highschool,NY,Wireframing/Bootstrap/RFP/IaaS/C/,1,female,bachelor,UT,Enterprise Engineer,SOAP/REST APIs/GraphQL/React/Angular/UI/UX
6,9,female,highschool,NY,Wireframing/Bootstrap/RFP/IaaS/C/,2,female,master,AZ,Front-End Software Engineer,HTML/CSS/Javascript/RESTful APIs/Bootstrap/jQuery/Angular/React/Git
8,9,female,highschool,NY,Wireframing/Bootstrap/RFP/IaaS/C/,3,female,master,NJ,Full Stack Software Engineer,HTML/CSS/Javascript/RESTful APIs/Bootstrap/jQuery/Angular/React/Git/C/C++/Java/C#/Ruby/Python/Flask/Datastrcutes and Algorithms/Operating System/Linux
3,9,female,highschool,NY,Wireframing/Bootstrap/RFP/IaaS/C/,4,female,master,AZ,Mobile Software Engineer,Java/C#/Objective-C/Swift
10,9,female,highschool,NY,Wireframing/Bootstrap/RFP/IaaS/C/,5,female,bachelor,UT,Quality Assurance Engineer,HTML/CSS/XML/NodeJS/Angular/NoSQL
0,9,female,highschool,NY,Wireframing/Bootstrap/RFP/IaaS/C/,6,female,master,TX,Product Engineer,CAD/CAM
5,9,female,highschool,NY,Wireframing/Bootstrap/RFP/IaaS/C/,7,female,bachelor,GA,UX Designer,HTML/CSS/Photoshop/Illustrator/AfterEffect/Wireframing
2,9,female,highschool,NY,Wireframing/Bootstrap/RFP/IaaS/C/,8,female,bachelor,AZ,Back-End Software Engineer,C/C++/Java/C#/Ruby/Python/Flask/Datastrcutes and Algorithms/Operating System/Linux/Git
5,9,female,highschool,NY,Wireframing/Bootstrap/RFP/IaaS/C/,9,male,master,GA,Full Stack Software Engineer,HTML/CSS/Javascript/RESTful APIs/Bootstrap/jQuery/Angular/React/Git/C/C++/Java/C#/Ruby/Python/Flask/Datastrcutes and Algorithms/Operating System/Linux
5,10,male,highschool,AZ,NoSQL/Javascript/jQuery/Flask/jQuery/,0,male,bachelor,WA,Enterprise Engineer,SOAP/REST APIs/GraphQL/React/Angular/UI/UX
5,10,male,highschool,AZ,NoSQL/Javascript/jQuery/Flask/jQuery/,1,male,bachelor,NY,UX Designer,HTML/CSS/Photoshop/Illustrator/AfterEffect/Wireframing
2,10,male,highschool,AZ,NoSQL/Javascript/jQuery/Flask/jQuery/,2,male,bachelor,AZ,Site Reliability Engineer,C/C++/Java/Python/Go/Perl/Ruby/Unix/Linux/TCP/IP/SDN
2,10,male,highschool,AZ,NoSQL/Javascript/jQuery/Flask/jQuery/,3,female,master,TX,Full Stack Software Engineer,HTML/CSS/Javascript/RESTful APIs/Bootstrap/jQuery/Angular/React/Git/C/C++/Java/C#/Ruby/Python/Flask/Datastrcutes and Algorithms/Operating System/Linux
1,10,male,highschool,AZ,NoSQL/Javascript/jQuery/Flask/jQuery/,4,female,bachelor,WA,Mobile Software Engineer,Java/C#/Objective-C/Swift
0,10,male,highschool,AZ,NoSQL/Javascript/jQuery/Flask/jQuery/,5,male,master,TX,Back-End Software Engineer,C/C++/Java/C#/Ruby/Python/Flask/Datastrcutes and Algorithms/Operating System/Linux/Git
5,10,male,highschool,AZ,NoSQL/Javascript/jQuery/Flask/jQuery/,6,female,master,TX,Mobile Software Engineer,Java/C#/Objective-C/Swift
8,10,male,highschool,AZ,NoSQL/Javascript/jQuery/Flask/jQuery/,7,male,master,CA,Site Reliability Engineer,C/C++/Java/Python/Go/Perl/Ruby/Unix/Linux/TCP/IP/SDN
10,10,male,highschool,AZ,NoSQL/Javascript/jQuery/Flask/jQuery/,8,male,bachelor,TX,Full Stack Software Engineer,HTML/CSS/Javascript/RESTful APIs/Bootstrap/jQuery/Angular/React/Git/C/C++/Java/C#/Ruby/Python/Flask/Datastrcutes and Algorithms/Operating System/Linux
6,10,male,highschool,AZ,NoSQL/Javascript/jQuery/Flask/jQuery/,9,male,bachelor,TX,Back-End Software Engineer,C/C++/Java/C#/Ruby/Python/Flask/Datastrcutes and Algorithms/Operating System/Linux/Git
0,11,female,bachelor,WA,SOAP/Javascript/Linux/SOAP/Perl/,0,female,master,CA,Back-End Software Engineer,C/C++/Java/C#/Ruby/Python/Flask/Datastrcutes and Algorithms/Operating System/Linux/Git
9,11,female,bachelor,WA,SOAP/Javascript/Linux/SOAP/Perl/,1,male,bachelor,AZ,Site Reliability Engineer,C/C++/Java/Python/Go/Perl/Ruby/Unix/Linux/TCP/IP/SDN
0,11,female,bachelor,WA,SOAP/Javascript/Linux/SOAP/Perl/,2,male,bachelor,GA,Mobile Software Engineer,Java/C#/Objective-C/Swift
2,11,female,bachelor,WA,SOAP/Javascript/Linux/SOAP/Perl/,3,male,bachelor,UT,Site Reliability Engineer,C/C++/Java/Python/Go/Perl/Ruby/Unix/Linux/TCP/IP/SDN
3,11,female,bachelor,WA,SOAP/Javascript/Linux/SOAP/Perl/,4,male,bachelor,AZ,Quality Assurance Engineer,HTML/CSS/XML/NodeJS/Angular/NoSQL
3,11,female,bachelor,WA,SOAP/Javascript/Linux/SOAP/Perl/,5,male,master,CA,Front-End Software Engineer,HTML/CSS/Javascript/RESTful APIs/Bootstrap/jQuery/Angular/React/Git
1,11,female,bachelor,WA,SOAP/Javascript/Linux/SOAP/Perl/,6,female,master,WA,Sales Engineer,PaaS/IaaS/Cloud/RFI/RFP/SQL
6,11,female,bachelor,WA,SOAP/Javascript/Linux/SOAP/Perl/,7,male,master,WA,Quality Assurance Engineer,HTML/CSS/XML/NodeJS/Angular/NoSQL
8,11,female,bachelor,WA,SOAP/Javascript/Linux/SOAP/Perl/,8,female,master,TX,UX Designer,HTML/CSS/Photoshop/Illustrator/AfterEffect/Wireframing
10,11,female,bachelor,WA,SOAP/Javascript/Linux/SOAP/Perl/,9,male,master,WA,Quality Assurance Engineer,HTML/CSS/XML/NodeJS/Angular/NoSQL
1,12,female,highschool,WA,Python/Go/Angular/UI/Cloud/,0,female,bachelor,UT,Quality Assurance Engineer,HTML/CSS/XML/NodeJS/Angular/NoSQL
1,12,female,highschool,WA,Python/Go/Angular/UI/Cloud/,1,female,master,UT,Site Reliability Engineer,C/C++/Java/Python/Go/Perl/Ruby/Unix/Linux/TCP/IP/SDN
8,12,female,highschool,WA,Python/Go/Angular/UI/Cloud/,2,male,bachelor,UT,Enterprise Engineer,SOAP/REST APIs/GraphQL/React/Angular/UI/UX
5,12,female,highschool,WA,Python/Go/Angular/UI/Cloud/,3,male,bachelor,CA,Mobile Software Engineer,Java/C#/Objective-C/Swift
7,12,female,highschool,WA,Python/Go/Angular/UI/Cloud/,4,female,master,UT,Site Reliability Engineer,C/C++/Java/Python/Go/Perl/Ruby/Unix/Linux/TCP/IP/SDN
5,12,female,highschool,WA,Python/Go/Angular/UI/Cloud/,5,female,bachelor,TX,Enterprise Engineer,SOAP/REST APIs/GraphQL/React/Angular/UI/UX
8,12,female,highschool,WA,Python/Go/Angular/UI/Cloud/,6,female,master,AZ,Front-End Software Engineer,HTML/CSS/Javascript/RESTful APIs/Bootstrap/jQuery/Angular/React/Git
9,12,female,highschool,WA,Python/Go/Angular/UI/Cloud/,7,male,master,NJ,Site Reliability Engineer,C/C++/Java/Python/Go/Perl/Ruby/Unix/Linux/TCP/IP/SDN
6,12,female,highschool,WA,Python/Go/Angular/UI/Cloud/,8,female,master,CA,Sales Engineer,PaaS/IaaS/Cloud/RFI/RFP/SQL
0,12,female,highschool,WA,Python/Go/Angular/UI/Cloud/,9,male,master,TX,Quality Assurance Engineer,HTML/CSS/XML/NodeJS/Angular/NoSQL
2,13,female,bachelor,AZ,CAM/Java/CAM/Operating System/IaaS/,0,male,bachelor,NY,Front-End Software Engineer,HTML/CSS/Javascript/RESTful APIs/Bootstrap/jQuery/Angular/React/Git
7,13,female,bachelor,AZ,CAM/Java/CAM/Operating System/IaaS/,1,female,master,AZ,Front-End Software Engineer,HTML/CSS/Javascript/RESTful APIs/Bootstrap/jQuery/Angular/React/Git
8,13,female,bachelor,AZ,CAM/Java/CAM/Operating System/IaaS/,2,male,master,GA,Front-End Software Engineer,HTML/CSS/Javascript/RESTful APIs/Bootstrap/jQuery/Angular/React/Git
3,13,female,bachelor,AZ,CAM/Java/CAM/Operating System/IaaS/,3,male,master,CA,UX Designer,HTML/CSS/Photoshop/Illustrator/AfterEffect/Wireframing
6,13,female,bachelor,AZ,CAM/Java/CAM/Operating System/IaaS/,4,female,master,UT,UX Designer,HTML/CSS/Photoshop/Illustrator/AfterEffect/Wireframing
2,13,female,bachelor,AZ,CAM/Java/CAM/Operating System/IaaS/,5,male,master,NJ,Sales Engineer,PaaS/IaaS/Cloud/RFI/RFP/SQL
0,13,female,bachelor,AZ,CAM/Java/CAM/Operating System/IaaS/,6,male,master,GA,Sales Engineer,PaaS/IaaS/Cloud/RFI/RFP/SQL
2,13,female,bachelor,AZ,CAM/Java/CAM/Operating System/IaaS/,7,male,bachelor,TX,Enterprise Engineer,SOAP/REST APIs/GraphQL/React/Angular/UI/UX
10,13,female,bachelor,AZ,CAM/Java/CAM/Operating System/IaaS/,8,female,bachelor,UT,Sales Engineer,PaaS/IaaS/Cloud/RFI/RFP/SQL
6,13,female,bachelor,AZ,CAM/Java/CAM/Operating System/IaaS/,9,female,bachelor,TX,Quality Assurance Engineer,HTML/CSS/XML/NodeJS/Angular/NoSQL
6,14,female,highschool,GA,Photoshop/C/Operating System/Objective-C/NodeJS/,0,male,bachelor,NJ,Front-End Software Engineer,HTML/CSS/Javascript/RESTful APIs/Bootstrap/jQuery/Angular/React/Git
3,14,female,highschool,GA,Photoshop/C/Operating System/Objective-C/NodeJS/,1,female,bachelor,GA,UX Designer,HTML/CSS/Photoshop/Illustrator/AfterEffect/Wireframing
3,14,female,highschool,GA,Photoshop/C/Operating System/Objective-C/NodeJS/,2,male,bachelor,AZ,Quality Assurance Engineer,HTML/CSS/XML/NodeJS/Angular/NoSQL
8,14,female,highschool,GA,Photoshop/C/Operating System/Objective-C/NodeJS/,3,female,bachelor,GA,Sales Engineer,PaaS/IaaS/Cloud/RFI/RFP/SQL
5,14,female,highschool,GA,Photoshop/C/Operating System/Objective-C/NodeJS/,4,male,master,CA,Site Reliability Engineer,C/C++/Java/Python/Go/Perl/Ruby/Unix/Linux/TCP/IP/SDN
6,14,female,highschool,GA,Photoshop/C/Operating System/Objective-C/NodeJS/,5,male,bachelor,AZ,Product Engineer,CAD/CAM
6,14,female,highschool,GA,Photoshop/C/Operating System/Objective-C/NodeJS/,6,female,master,WA,Full Stack Software Engineer,HTML/CSS/Javascript/RESTful APIs/Bootstrap/jQuery/Angular/React/Git/C/C++/Java/C#/Ruby/Python/Flask/Datastrcutes and Algorithms/Operating System/Linux
1,14,female,highschool,GA,Photoshop/C/Operating System/Objective-C/NodeJS/,7,male,bachelor,NJ,Quality Assurance Engineer,HTML/CSS/XML/NodeJS/Angular/NoSQL
1,14,female,highschool,GA,Photoshop/C/Operating System/Objective-C/NodeJS/,8,female,master,UT,Quality Assurance Engineer,HTML/CSS/XML/NodeJS/Angular/NoSQL
5,14,female,highschool,GA,Photoshop/C/Operating System/Objective-C/NodeJS/,9,male,bachelor,NY,Enterprise Engineer,SOAP/REST APIs/GraphQL/React/Angular/UI/UX
4,15,female,bachelor,NY,Perl/Unix/Cloud/SQL/jQuery/,0,female,master,CA,Quality Assurance Engineer,HTML/CSS/XML/NodeJS/Angular/NoSQL
9,15,female,bachelor,NY,Perl/Unix/Cloud/SQL/jQuery/,1,male,master,TX,UX Designer,HTML/CSS/Photoshop/Illustrator/AfterEffect/Wireframing
6,15,female,bachelor,NY,Perl/Unix/Cloud/SQL/jQuery/,2,male,master,TX,Quality Assurance Engineer,HTML/CSS/XML/NodeJS/Angular/NoSQL
2,15,female,bachelor,NY,Perl/Unix/Cloud/SQL/jQuery/,3,female,master,CA,Back-End Software Engineer,C/C++/Java/C#/Ruby/Python/Flask/Datastrcutes and Algorithms/Operating System/Linux/Git
6,15,female,bachelor,NY,Perl/Unix/Cloud/SQL/jQuery/,4,male,bachelor,WA,Quality Assurance Engineer,HTML/CSS/XML/NodeJS/Angular/NoSQL
7,15,female,bachelor,NY,Perl/Unix/Cloud/SQL/jQuery/,5,male,bachelor,UT,Full Stack Software Engineer,HTML/CSS/Javascript/RESTful APIs/Bootstrap/jQuery/Angular/React/Git/C/C++/Java/C#/Ruby/Python/Flask/Datastrcutes and Algorithms/Operating System/Linux
10,15,female,bachelor,NY,Perl/Unix/Cloud/SQL/jQuery/,6,male,master,NY,Front-End Software Engineer,HTML/CSS/Javascript/RESTful APIs/Bootstrap/jQuery/Angular/React/Git
1,15,female,bachelor,NY,Perl/Unix/Cloud/SQL/jQuery/,7,female,bachelor,TX,Back-End Software Engineer,C/C++/Java/C#/Ruby/Python/Flask/Datastrcutes and Algorithms/Operating System/Linux/Git
5,15,female,bachelor,NY,Perl/Unix/Cloud/SQL/jQuery/,8,male,master,GA,Quality Assurance Engineer,HTML/CSS/XML/NodeJS/Angular/NoSQL
9,15,female,bachelor,NY,Perl/Unix/Cloud/SQL/jQuery/,9,female,bachelor,NJ,Mobile Software Engineer,Java/C#/Objective-C/Swift
3,16,male,highschool,NY,Operating System/C++/C#/Git/Operating System/,0,male,bachelor,WA,Front-End Software Engineer,HTML/CSS/Javascript/RESTful APIs/Bootstrap/jQuery/Angular/React/Git
8,16,male,highschool,NY,Operating System/C++/C#/Git/Operating System/,1,female,bachelor,NY,Front-End Software Engineer,HTML/CSS/Javascript/RESTful APIs/Bootstrap/jQuery/Angular/React/Git
5,16,male,highschool,NY,Operating System/C++/C#/Git/Operating System/,2,male,bachelor,AZ,Quality Assurance Engineer,HTML/CSS/XML/NodeJS/Angular/NoSQL
1,16,male,highschool,NY,Operating System/C++/C#/Git/Operating System/,3,female,master,CA,Quality Assurance Engineer,HTML/CSS/XML/NodeJS/Angular/NoSQL
5,16,male,highschool,NY,Operating System/C++/C#/Git/Operating System/,4,female,master,AZ,Mobile Software Engineer,Java/C#/Objective-C/Swift
7,16,male,highschool,NY,Operating System/C++/C#/Git/Operating System/,5,male,master,NJ,Sales Engineer,PaaS/IaaS/Cloud/RFI/RFP/SQL
1,16,male,highschool,NY,Operating System/C++/C#/Git/Operating System/,6,male,master,NY,Product Engineer,CAD/CAM
2,16,male,highschool,NY,Operating System/C++/C#/Git/Operating System/,7,female,master,GA,Enterprise Engineer,SOAP/REST APIs/GraphQL/React/Angular/UI/UX
9,16,male,highschool,NY,Operating System/C++/C#/Git/Operating System/,8,female,master,TX,Sales Engineer,PaaS/IaaS/Cloud/RFI/RFP/SQL
1,16,male,highschool,NY,Operating System/C++/C#/Git/Operating System/,9,female,master,GA,Site Reliability Engineer,C/C++/Java/Python/Go/Perl/Ruby/Unix/Linux/TCP/IP/SDN
7,17,female,bachelor,UT,SQL/Linux/RESTful APIs/AfterEffect/RESTful APIs/,0,male,master,AZ,Full Stack Software Engineer,HTML/CSS/Javascript/RESTful APIs/Bootstrap/jQuery/Angular/React/Git/C/C++/Java/C#/Ruby/Python/Flask/Datastrcutes and Algorithms/Operating System/Linux
5,17,female,bachelor,UT,SQL/Linux/RESTful APIs/AfterEffect/RESTful APIs/,1,female,master,CA,Mobile Software Engineer,Java/C#/Objective-C/Swift
2,17,female,bachelor,UT,SQL/Linux/RESTful APIs/AfterEffect/RESTful APIs/,2,male,bachelor,UT,UX Designer,HTML/CSS/Photoshop/Illustrator/AfterEffect/Wireframing
0,17,female,bachelor,UT,SQL/Linux/RESTful APIs/AfterEffect/RESTful APIs/,3,female,bachelor,CA,Enterprise Engineer,SOAP/REST APIs/GraphQL/React/Angular/UI/UX
4,17,female,bachelor,UT,SQL/Linux/RESTful APIs/AfterEffect/RESTful APIs/,4,female,bachelor,NJ,Front-End Software Engineer,HTML/CSS/Javascript/RESTful APIs/Bootstrap/jQuery/Angular/React/Git
3,17,female,bachelor,UT,SQL/Linux/RESTful APIs/AfterEffect/RESTful APIs/,5,male,master,NJ,Quality Assurance Engineer,HTML/CSS/XML/NodeJS/Angular/NoSQL
1,17,female,bachelor,UT,SQL/Linux/RESTful APIs/AfterEffect/RESTful APIs/,6,male,bachelor,TX,Sales Engineer,PaaS/IaaS/Cloud/RFI/RFP/SQL
1,17,female,bachelor,UT,SQL/Linux/RESTful APIs/AfterEffect/RESTful APIs/,7,male,bachelor,NY,Enterprise Engineer,SOAP/REST APIs/GraphQL/React/Angular/UI/UX
2,17,female,bachelor,UT,SQL/Linux/RESTful APIs/AfterEffect/RESTful APIs/,8,male,bachelor,UT,Site Reliability Engineer,C/C++/Java/Python/Go/Perl/Ruby/Unix/Linux/TCP/IP/SDN
2,17,female,bachelor,UT,SQL/Linux/RESTful APIs/AfterEffect/RESTful APIs/,9,male,bachelor,TX,Back-End Software Engineer,C/C++/Java/C#/Ruby/Python/Flask/Datastrcutes and Algorithms/Operating System/Linux/Git
4,18,female,bachelor,UT,Unix/UI/CAM/React/Perl/,0,female,master,TX,Mobile Software Engineer,Java/C#/Objective-C/Swift
3,18,female,bachelor,UT,Unix/UI/CAM/React/Perl/,1,female,bachelor,AZ,Quality Assurance Engineer,HTML/CSS/XML/NodeJS/Angular/NoSQL
3,18,female,bachelor,UT,Unix/UI/CAM/React/Perl/,2,male,master,CA,Sales Engineer,PaaS/IaaS/Cloud/RFI/RFP/SQL
7,18,female,bachelor,UT,Unix/UI/CAM/React/Perl/,3,male,master,WA,Product Engineer,CAD/CAM
2,18,female,bachelor,UT,Unix/UI/CAM/React/Perl/,4,male,bachelor,TX,Site Reliability Engineer,C/C++/Java/Python/Go/Perl/Ruby/Unix/Linux/TCP/IP/SDN
10,18,female,bachelor,UT,Unix/UI/CAM/React/Perl/,5,female,master,NJ,Product Engineer,CAD/CAM
7,18,female,bachelor,UT,Unix/UI/CAM/React/Perl/,6,female,master,GA,Product Engineer,CAD/CAM
9,18,female,bachelor,UT,Unix/UI/CAM/React/Perl/,7,male,master,GA,Front-End Software Engineer,HTML/CSS/Javascript/RESTful APIs/Bootstrap/jQuery/Angular/React/Git
7,18,female,bachelor,UT,Unix/UI/CAM/React/Perl/,8,female,master,NY,Product Engineer,CAD/CAM
6,18,female,bachelor,UT,Unix/UI/CAM/React/Perl/,9,female,bachelor,GA,Sales Engineer,PaaS/IaaS/Cloud/RFI/RFP/SQL
2,19,male,bachelor,NJ,GraphQL/HTML/TCP/Java/Swift/,0,female,master,UT,Front-End Software Engineer,HTML/CSS/Javascript/RESTful APIs/Bootstrap/jQuery/Angular/React/Git
6,19,male,bachelor,NJ,GraphQL/HTML/TCP/Java/Swift/,1,male,bachelor,WA,Product Engineer,CAD/CAM
0,19,male,bachelor,NJ,GraphQL/HTML/TCP/Java/Swift/,2,female,bachelor,NY,Product Engineer,CAD/CAM
4,19,male,bachelor,NJ,GraphQL/HTML/TCP/Java/Swift/,3,male,master,GA,Full Stack Software Engineer,HTML/CSS/Javascript/RESTful APIs/Bootstrap/jQuery/Angular/React/Git/C/C++/Java/C#/Ruby/Python/Flask/Datastrcutes and Algorithms/Operating System/Linux
1,19,male,bachelor,NJ,GraphQL/HTML/TCP/Java/Swift/,4,male,bachelor,WA,Enterprise Engineer,SOAP/REST APIs/GraphQL/React/Angular/UI/UX
7,19,male,bachelor,NJ,GraphQL/HTML/TCP/Java/Swift/,5,male,master,CA,Back-End Software Engineer,C/C++/Java/C#/Ruby/Python/Flask/Datastrcutes and Algorithms/Operating System/Linux/Git
5,19,male,bachelor,NJ,GraphQL/HTML/TCP/Java/Swift/,6,male,master,GA,Enterprise Engineer,SOAP/REST APIs/GraphQL/React/Angular/UI/UX
0,19,male,bachelor,NJ,GraphQL/HTML/TCP/Java/Swift/,7,female,bachelor,GA,Mobile Software Engineer,Java/C#/Objective-C/Swift
8,19,male,bachelor,NJ,GraphQL/HTML/TCP/Java/Swift/,8,female,bachelor,UT,Back-End Software Engineer,C/C++/Java/C#/Ruby/Python/Flask/Datastrcutes and Algorithms/Operating System/Linux/Git
2,19,male,bachelor,NJ,GraphQL/HTML/TCP/Java/Swift/,9,female,bachelor,GA,Site Reliability Engineer,C/C++/Java/Python/Go/Perl/Ruby/Unix/Linux/TCP/IP/SDN
9,20,female,highschool,NJ,Swift/Objective-C/NodeJS/Cloud/NoSQL/,0,male,bachelor,AZ,Enterprise Engineer,SOAP/REST APIs/GraphQL/React/Angular/UI/UX
4,20,female,highschool,NJ,Swift/Objective-C/NodeJS/Cloud/NoSQL/,1,male,master,CA,Site Reliability Engineer,C/C++/Java/Python/Go/Perl/Ruby/Unix/Linux/TCP/IP/SDN
6,20,female,highschool,NJ,Swift/Objective-C/NodeJS/Cloud/NoSQL/,2,male,bachelor,WA,Quality Assurance Engineer,HTML/CSS/XML/NodeJS/Angular/NoSQL
2,20,female,highschool,NJ,Swift/Objective-C/NodeJS/Cloud/NoSQL/,3,female,master,TX,Quality Assurance Engineer,HTML/CSS/XML/NodeJS/Angular/NoSQL
10,20,female,highschool,NJ,Swift/Objective-C/NodeJS/Cloud/NoSQL/,4,male,master,CA,Mobile Software Engineer,Java/C#/Objective-C/Swift
0,20,female,highschool,NJ,Swift/Objective-C/NodeJS/Cloud/NoSQL/,5,male,master,GA,Mobile Software Engineer,Java/C#/Objective-C/Swift
3,20,female,highschool,NJ,Swift/Objective-C/NodeJS/Cloud/NoSQL/,6,male,master,WA,Back-End Software Engineer,C/C++/Java/C#/Ruby/Python/Flask/Datastrcutes and Algorithms/Operating System/Linux/Git
9,20,female,highschool,NJ,Swift/Objective-C/NodeJS/Cloud/NoSQL/,7,male,bachelor,TX,Back-End Software Engineer,C/C++/Java/C#/Ruby/Python/Flask/Datastrcutes and Algorithms/Operating System/Linux/Git
0,20,female,highschool,NJ,Swift/Objective-C/NodeJS/Cloud/NoSQL/,8,male,bachelor,NY,Site Reliability Engineer,C/C++/Java/Python/Go/Perl/Ruby/Unix/Linux/TCP/IP/SDN
4,20,female,highschool,NJ,Swift/Objective-C/NodeJS/Cloud/NoSQL/,9,female,master,GA,Site Reliability Engineer,C/C++/Java/Python/Go/Perl/Ruby/Unix/Linux/TCP/IP/SDN
5,21,female,bachelor,TX,SQL/HTML/HTML/Flask/React/,0,male,bachelor,NJ,Quality Assurance Engineer,HTML/CSS/XML/NodeJS/Angular/NoSQL
3,21,female,bachelor,TX,SQL/HTML/HTML/Flask/React/,1,female,bachelor,AZ,Full Stack Software Engineer,HTML/CSS/Javascript/RESTful APIs/Bootstrap/jQuery/Angular/React/Git/C/C++/Java/C#/Ruby/Python/Flask/Datastrcutes and Algorithms/Operating System/Linux
8,21,female,bachelor,TX,SQL/HTML/HTML/Flask/React/,2,male,bachelor,CA,Site Reliability Engineer,C/C++/Java/Python/Go/Perl/Ruby/Unix/Linux/TCP/IP/SDN
7,21,female,bachelor,TX,SQL/HTML/HTML/Flask/React/,3,female,master,CA,UX Designer,HTML/CSS/Photoshop/Illustrator/AfterEffect/Wireframing
1,21,female,bachelor,TX,SQL/HTML/HTML/Flask/React/,4,male,bachelor,NJ,Enterprise Engineer,SOAP/REST APIs/GraphQL/React/Angular/UI/UX
8,21,female,bachelor,TX,SQL/HTML/HTML/Flask/React/,5,male,master,AZ,Full Stack Software Engineer,HTML/CSS/Javascript/RESTful APIs/Bootstrap/jQuery/Angular/React/Git/C/C++/Java/C#/Ruby/Python/Flask/Datastrcutes and Algorithms/Operating System/Linux
9,21,female,bachelor,TX,SQL/HTML/HTML/Flask/React/,6,female,master,WA,Site Reliability Engineer,C/C++/Java/Python/Go/Perl/Ruby/Unix/Linux/TCP/IP/SDN
0,21,female,bachelor,TX,SQL/HTML/HTML/Flask/React/,7,female,master,NY,Front-End Software Engineer,HTML/CSS/Javascript/RESTful APIs/Bootstrap/jQuery/Angular/React/Git
5,21,female,bachelor,TX,SQL/HTML/HTML/Flask/React/,8,male,bachelor,GA,Mobile Software Engineer,Java/C#/Objective-C/Swift
6,21,female,bachelor,TX,SQL/HTML/HTML/Flask/React/,9,female,bachelor,WA,Quality Assurance Engineer,HTML/CSS/XML/NodeJS/Angular/NoSQL
8,22,female,highschool,NJ,REST APIs/IP/C++/Javascript/Objective-C/,0,female,master,AZ,Back-End Software Engineer,C/C++/Java/C#/Ruby/Python/Flask/Datastrcutes and Algorithms/Operating System/Linux/Git
9,22,female,highschool,NJ,REST APIs/IP/C++/Javascript/Objective-C/,1,female,bachelor,NJ,Full Stack Software Engineer,HTML/CSS/Javascript/RESTful APIs/Bootstrap/jQuery/Angular/React/Git/C/C++/Java/C#/Ruby/Python/Flask/Datastrcutes and Algorithms/Operating System/Linux
0,22,female,highschool,NJ,REST APIs/IP/C++/Javascript/Objective-C/,2,male,master,CA,Front-End Software Engineer,HTML/CSS/Javascript/RESTful APIs/Bootstrap/jQuery/Angular/React/Git
9,22,female,highschool,NJ,REST APIs/IP/C++/Javascript/Objective-C/,3,female,bachelor,GA,Mobile Software Engineer,Java/C#/Objective-C/Swift
9,22,female,highschool,NJ,REST APIs/IP/C++/Javascript/Objective-C/,4,male,bachelor,WA,Sales Engineer,PaaS/IaaS/Cloud/RFI/RFP/SQL
0,22,female,highschool,NJ,REST APIs/IP/C++/Javascript/Objective-C/,5,female,bachelor,AZ,Front-End Software Engineer,HTML/CSS/Javascript/RESTful APIs/Bootstrap/jQuery/Angular/React/Git
9,22,female,highschool,NJ,REST APIs/IP/C++/Javascript/Objective-C/,6,female,bachelor,CA,Front-End Software Engineer,HTML/CSS/Javascript/RESTful APIs/Bootstrap/jQuery/Angular/React/Git
5,22,female,highschool,NJ,REST APIs/IP/C++/Javascript/Objective-C/,7,female,bachelor,CA,Sales Engineer,PaaS/IaaS/Cloud/RFI/RFP/SQL
2,22,female,highschool,NJ,REST APIs/IP/C++/Javascript/Objective-C/,8,female,bachelor,NY,Mobile Software Engineer,Java/C#/Objective-C/Swift
9,22,female,highschool,NJ,REST APIs/IP/C++/Javascript/Objective-C/,9,female,bachelor,CA,Full Stack Software Engineer,HTML/CSS/Javascript/RESTful APIs/Bootstrap/jQuery/Angular/React/Git/C/C++/Java/C#/Ruby/Python/Flask/Datastrcutes and Algorithms/Operating System/Linux
1,23,female,bachelor,TX,C#/SOAP/Cloud/GraphQL/Perl/,0,male,master,WA,Quality Assurance Engineer,HTML/CSS/XML/NodeJS/Angular/NoSQL
2,23,female,bachelor,TX,C#/SOAP/Cloud/GraphQL/Perl/,1,male,bachelor,GA,Full Stack Software Engineer,HTML/CSS/Javascript/RESTful APIs/Bootstrap/jQuery/Angular/React/Git/C/C++/Java/C#/Ruby/Python/Flask/Datastrcutes and Algorithms/Operating System/Linux
7,23,female,bachelor,TX,C#/SOAP/Cloud/GraphQL/Perl/,2,female,bachelor,WA,Enterprise Engineer,SOAP/REST APIs/GraphQL/React/Angular/UI/UX
8,23,female,bachelor,TX,C#/SOAP/Cloud/GraphQL/Perl/,3,female,master,WA,Full Stack Software Engineer,HTML/CSS/Javascript/RESTful APIs/Bootstrap/jQuery/Angular/React/Git/C/C++/Java/C#/Ruby/Python/Flask/Datastrcutes and Algorithms/Operating System/Linux
6,23,female,bachelor,TX,C#/SOAP/Cloud/GraphQL/Perl/,4,male,bachelor,UT,UX Designer,HTML/CSS/Photoshop/Illustrator/AfterEffect/Wireframing
4,23,female,bachelor,TX,C#/SOAP/Cloud/GraphQL/Perl/,5,female,master,NY,Mobile Software Engineer,Java/C#/Objective-C/Swift
0,23,female,bachelor,TX,C#/SOAP/Cloud/GraphQL/Perl/,6,male,bachelor,GA,Back-End Software Engineer,C/C++/Java/C#/Ruby/Python/Flask/Datastrcutes and Algorithms/Operating System/Linux/Git
4,23,female,bachelor,TX,C#/SOAP/Cloud/GraphQL/Perl/,7,female,bachelor,WA,Site Reliability Engineer,C/C++/Java/Python/Go/Perl/Ruby/Unix/Linux/TCP/IP/SDN
5,23,female,bachelor,TX,C#/SOAP/Cloud/GraphQL/Perl/,8,male,master,NJ,Back-End Software Engineer,C/C++/Java/C#/Ruby/Python/Flask/Datastrcutes and Algorithms/Operating System/Linux/Git
5,23,female,bachelor,TX,C#/SOAP/Cloud/GraphQL/Perl/,9,male,bachelor,NY,Sales Engineer,PaaS/IaaS/Cloud/RFI/RFP/SQL
9,24,female,bachelor,WA,SDN/REST APIs/Unix/Perl/HTML/,0,male,master,WA,Enterprise Engineer,SOAP/REST APIs/GraphQL/React/Angular/UI/UX
2,24,female,bachelor,WA,SDN/REST APIs/Unix/Perl/HTML/,1,male,master,AZ,Full Stack Software Engineer,HTML/CSS/Javascript/RESTful APIs/Bootstrap/jQuery/Angular/React/Git/C/C++/Java/C#/Ruby/Python/Flask/Datastrcutes and Algorithms/Operating System/Linux
8,24,female,bachelor,WA,SDN/REST APIs/Unix/Perl/HTML/,2,male,bachelor,CA,Front-End Software Engineer,HTML/CSS/Javascript/RESTful APIs/Bootstrap/jQuery/Angular/React/Git
2,24,female,bachelor,WA,SDN/REST APIs/Unix/Perl/HTML/,3,male,master,AZ,Quality Assurance Engineer,HTML/CSS/XML/NodeJS/Angular/NoSQL
3,24,female,bachelor,WA,SDN/REST APIs/Unix/Perl/HTML/,4,male,master,AZ,Enterprise Engineer,SOAP/REST APIs/GraphQL/React/Angular/UI/UX
1,24,female,bachelor,WA,SDN/REST APIs/Unix/Perl/HTML/,5,female,master,TX,Front-End Software Engineer,HTML/CSS/Javascript/RESTful APIs/Bootstrap/jQuery/Angular/React/Git
8,24,female,bachelor,WA,SDN/REST APIs/Unix/Perl/HTML/,6,male,bachelor,GA,Site Reliability Engineer,C/C++/Java/Python/Go/Perl/Ruby/Unix/Linux/TCP/IP/SDN
6,24,female,bachelor,WA,SDN/REST APIs/Unix/Perl/HTML/,7,male,bachelor,CA,Back-End Software Engineer,C/C++/Java/C#/Ruby/Python/Flask/Datastrcutes and Algorithms/Operating System/Linux/Git
9,24,female,bachelor,WA,SDN/REST APIs/Unix/Perl/HTML/,8,female,bachelor,NY,Mobile Software Engineer,Java/C#/Objective-C/Swift
0,24,female,bachelor,WA,SDN/REST APIs/Unix/Perl/HTML/,9,female,bachelor,AZ,Product Engineer,CAD/CAM
3,25,male,highschool,TX,AfterEffect/PaaS/SOAP/Datastrcutes and Algorithms/RESTful APIs/,0,female,master,NY,Site Reliability Engineer,C/C++/Java/Python/Go/Perl/Ruby/Unix/Linux/TCP/IP/SDN
1,25,male,highschool,TX,AfterEffect/PaaS/SOAP/Datastrcutes and Algorithms/RESTful APIs/,1,female,bachelor,TX,Site Reliability Engineer,C/C++/Java/Python/Go/Perl/Ruby/Unix/Linux/TCP/IP/SDN
6,25,male,highschool,TX,AfterEffect/PaaS/SOAP/Datastrcutes and Algorithms/RESTful APIs/,2,male,master,NY,Mobile Software Engineer,Java/C#/Objective-C/Swift
10,25,male,highschool,TX,AfterEffect/PaaS/SOAP/Datastrcutes and Algorithms/RESTful APIs/,3,female,bachelor,NY,Mobile Software Engineer,Java/C#/Objective-C/Swift
5,25,male,highschool,TX,AfterEffect/PaaS/SOAP/Datastrcutes and Algorithms/RESTful APIs/,4,female,bachelor,CA,Front-End Software Engineer,HTML/CSS/Javascript/RESTful APIs/Bootstrap/jQuery/Angular/React/Git
7,25,male,highschool,TX,AfterEffect/PaaS/SOAP/Datastrcutes and Algorithms/RESTful APIs/,5,female,master,AZ,Site Reliability Engineer,C/C++/Java/Python/Go/Perl/Ruby/Unix/Linux/TCP/IP/SDN
3,25,male,highschool,TX,AfterEffect/PaaS/SOAP/Datastrcutes and Algorithms/RESTful APIs/,6,female,master,UT,Full Stack Software Engineer,HTML/CSS/Javascript/RESTful APIs/Bootstrap/jQuery/Angular/React/Git/C/C++/Java/C#/Ruby/Python/Flask/Datastrcutes and Algorithms/Operating System/Linux
9,25,male,highschool,TX,AfterEffect/PaaS/SOAP/Datastrcutes and Algorithms/RESTful APIs/,7,female,bachelor,TX,Sales Engineer,PaaS/IaaS/Cloud/RFI/RFP/SQL
2,25,male,highschool,TX,AfterEffect/PaaS/SOAP/Datastrcutes and Algorithms/RESTful APIs/,8,male,master,TX,Site Reliability Engineer,C/C++/Java/Python/Go/Perl/Ruby/Unix/Linux/TCP/IP/SDN
9,25,male,highschool,TX,AfterEffect/PaaS/SOAP/Datastrcutes and Algorithms/RESTful APIs/,9,male,bachelor,GA,Enterprise Engineer,SOAP/REST APIs/GraphQL/React/Angular/UI/UX
1,26,male,bachelor,AZ,Objective-C/C/CSS/IaaS/Git/,0,male,bachelor,UT,Product Engineer,CAD/CAM
9,26,male,bachelor,AZ,Objective-C/C/CSS/IaaS/Git/,1,female,master,UT,Sales Engineer,PaaS/IaaS/Cloud/RFI/RFP/SQL
4,26,male,bachelor,AZ,Objective-C/C/CSS/IaaS/Git/,2,male,master,CA,Full Stack Software Engineer,HTML/CSS/Javascript/RESTful APIs/Bootstrap/jQuery/Angular/React/Git/C/C++/Java/C#/Ruby/Python/Flask/Datastrcutes and Algorithms/Operating System/Linux
6,26,male,bachelor,AZ,Objective-C/C/CSS/IaaS/Git/,3,female,master,NJ,Site Reliability Engineer,C/C++/Java/Python/Go/Perl/Ruby/Unix/Linux/TCP/IP/SDN
7,26,male,bachelor,AZ,Objective-C/C/CSS/IaaS/Git/,4,female,master,NJ,Back-End Software Engineer,C/C++/Java/C#/Ruby/Python/Flask/Datastrcutes and Algorithms/Operating System/Linux/Git
1,26,male,bachelor,AZ,Objective-C/C/CSS/IaaS/Git/,5,male,bachelor,CA,Enterprise Engineer,SOAP/REST APIs/GraphQL/React/Angular/UI/UX
5,26,male,bachelor,AZ,Objective-C/C/CSS/IaaS/Git/,6,female,master,CA,Sales Engineer,PaaS/IaaS/Cloud/RFI/RFP/SQL
1,26,male,bachelor,AZ,Objective-C/C/CSS/IaaS/Git/,7,male,master,TX,Quality Assurance Engineer,HTML/CSS/XML/NodeJS/Angular/NoSQL
4,26,male,bachelor,AZ,Objective-C/C/CSS/IaaS/Git/,8,female,bachelor,TX,Site Reliability Engineer,C/C++/Java/Python/Go/Perl/Ruby/Unix/Linux/TCP/IP/SDN
4,26,male,bachelor,AZ,Objective-C/C/CSS/IaaS/Git/,9,male,master,WA,Product Engineer,CAD/CAM
8,27,male,bachelor,GA,NodeJS/GraphQL/TCP/REST APIs/UX/,0,male,master,WA,Back-End Software Engineer,C/C++/Java/C#/Ruby/Python/Flask/Datastrcutes and Algorithms/Operating System/Linux/Git
5,27,male,bachelor,GA,NodeJS/GraphQL/TCP/REST APIs/UX/,1,male,bachelor,NY,Enterprise Engineer,SOAP/REST APIs/GraphQL/React/Angular/UI/UX
10,27,male,bachelor,GA,NodeJS/GraphQL/TCP/REST APIs/UX/,2,female,master,NY,Front-End Software Engineer,HTML/CSS/Javascript/RESTful APIs/Bootstrap/jQuery/Angular/React/Git
3,27,male,bachelor,GA,NodeJS/GraphQL/TCP/REST APIs/UX/,3,male,bachelor,UT,Back-End Software Engineer,C/C++/Java/C#/Ruby/Python/Flask/Datastrcutes and Algorithms/Operating System/Linux/Git
1,27,male,bachelor,GA,NodeJS/GraphQL/TCP/REST APIs/UX/,4,female,bachelor,NY,Sales Engineer,PaaS/IaaS/Cloud/RFI/RFP/SQL
0,27,male,bachelor,GA,NodeJS/GraphQL/TCP/REST APIs/UX/,5,female,bachelor,NJ,Sales Engineer,PaaS/IaaS/Cloud/RFI/RFP/SQL
5,27,male,bachelor,GA,NodeJS/GraphQL/TCP/REST APIs/UX/,6,female,master,UT,Mobile Software Engineer,Java/C#/Objective-C/Swift
7,27,male,bachelor,GA,NodeJS/GraphQL/TCP/REST APIs/UX/,7,female,bachelor,TX,Product Engineer,CAD/CAM
10,27,male,bachelor,GA,NodeJS/GraphQL/TCP/REST APIs/UX/,8,female,master,TX,Product Engineer,CAD/CAM
0,27,male,bachelor,GA,NodeJS/GraphQL/TCP/REST APIs/UX/,9,male,bachelor,NY,Quality Assurance Engineer,HTML/CSS/XML/NodeJS/Angular/NoSQL
10,28,male,bachelor,NY,NoSQL/TCP/Ruby/IaaS/HTML/,0,female,master,GA,Mobile Software Engineer,Java/C#/Objective-C/Swift
1,28,male,bachelor,NY,NoSQL/TCP/Ruby/IaaS/HTML/,1,male,master,AZ,Mobile Software Engineer,Java/C#/Objective-C/Swift
7,28,male,bachelor,NY,NoSQL/TCP/Ruby/IaaS/HTML/,2,female,master,CA,Mobile Software Engineer,Java/C#/Objective-C/Swift
10,28,male,bachelor,NY,NoSQL/TCP/Ruby/IaaS/HTML/,3,male,bachelor,WA,Site Reliability Engineer,C/C++/Java/Python/Go/Perl/Ruby/Unix/Linux/TCP/IP/SDN
8,28,male,bachelor,NY,NoSQL/TCP/Ruby/IaaS/HTML/,4,male,master,CA,Front-End Software Engineer,HTML/CSS/Javascript/RESTful APIs/Bootstrap/jQuery/Angular/React/Git
3,28,male,bachelor,NY,NoSQL/TCP/Ruby/IaaS/HTML/,5,male,master,NY,Enterprise Engineer,SOAP/REST APIs/GraphQL/React/Angular/UI/UX
0,28,male,bachelor,NY,NoSQL/TCP/Ruby/IaaS/HTML/,6,male,master,UT,Sales Engineer,PaaS/IaaS/Cloud/RFI/RFP/SQL
0,28,male,bachelor,NY,NoSQL/TCP/Ruby/IaaS/HTML/,7,female,master,NJ,Product Engineer,CAD/CAM
3,28,male,bachelor,NY,NoSQL/TCP/Ruby/IaaS/HTML/,8,male,bachelor,NJ,Site Reliability Engineer,C/C++/Java/Python/Go/Perl/Ruby/Unix/Linux/TCP/IP/SDN
7,28,male,bachelor,NY,NoSQL/TCP/Ruby/IaaS/HTML/,9,male,bachelor,WA,Sales Engineer,PaaS/IaaS/Cloud/RFI/RFP/SQL
1,29,male,bachelor,NY,Bootstrap/C++/PaaS/NoSQL/RESTful APIs/,0,female,bachelor,AZ,Sales Engineer,PaaS/IaaS/Cloud/RFI/RFP/SQL
10,29,male,bachelor,NY,Bootstrap/C++/PaaS/NoSQL/RESTful APIs/,1,female,bachelor,NY,Enterprise Engineer,SOAP/REST APIs/GraphQL/React/Angular/UI/UX
0,29,male,bachelor,NY,Bootstrap/C++/PaaS/NoSQL/RESTful APIs/,2,female,bachelor,WA,UX Designer,HTML/CSS/Photoshop/Illustrator/AfterEffect/Wireframing
3,29,male,bachelor,NY,Bootstrap/C++/PaaS/NoSQL/RESTful APIs/,3,female,bachelor,UT,Front-End Software Engineer,HTML/CSS/Javascript/RESTful APIs/Bootstrap/jQuery/Angular/React/Git
3,29,male,bachelor,NY,Bootstrap/C++/PaaS/NoSQL/RESTful APIs/,4,female,bachelor,NJ,Back-End Software Engineer,C/C++/Java/C#/Ruby/Python/Flask/Datastrcutes and Algorithms/Operating System/Linux/Git
2,29,male,bachelor,NY,Bootstrap/C++/PaaS/NoSQL/RESTful APIs/,5,male,master,NY,Full Stack Software Engineer,HTML/CSS/Javascript/RESTful APIs/Bootstrap/jQuery/Angular/React/Git/C/C++/Java/C#/Ruby/Python/Flask/Datastrcutes and Algorithms/Operating System/Linux
7,29,male,bachelor,NY,Bootstrap/C++/PaaS/NoSQL/RESTful APIs/,6,male,bachelor,NY,Enterprise Engineer,SOAP/REST APIs/GraphQL/React/Angular/UI/UX
0,29,male,bachelor,NY,Bootstrap/C++/PaaS/NoSQL/RESTful APIs/,7,male,master,CA,Front-End Software Engineer,HTML/CSS/Javascript/RESTful APIs/Bootstrap/jQuery/Angular/React/Git
6,29,male,bachelor,NY,Bootstrap/C++/PaaS/NoSQL/RESTful APIs/,8,female,bachelor,AZ,Front-End Software Engineer,HTML/CSS/Javascript/RESTful APIs/Bootstrap/jQuery/Angular/React/Git
5,29,male,bachelor,NY,Bootstrap/C++/PaaS/NoSQL/RESTful APIs/,9,male,bachelor,NJ,Sales Engineer,PaaS/IaaS/Cloud/RFI/RFP/SQL
7,30,male,highschool,TX,React/REST APIs/Java/SOAP/C#/,0,male,bachelor,CA,Sales Engineer,PaaS/IaaS/Cloud/RFI/RFP/SQL
9,30,male,highschool,TX,React/REST APIs/Java/SOAP/C#/,1,male,master,TX,Mobile Software Engineer,Java/C#/Objective-C/Swift
3,30,male,highschool,TX,React/REST APIs/Java/SOAP/C#/,2,female,master,CA,UX Designer,HTML/CSS/Photoshop/Illustrator/AfterEffect/Wireframing
8,30,male,highschool,TX,React/REST APIs/Java/SOAP/C#/,3,female,bachelor,TX,Site Reliability Engineer,C/C++/Java/Python/Go/Perl/Ruby/Unix/Linux/TCP/IP/SDN
5,30,male,highschool,TX,React/REST APIs/Java/SOAP/C#/,4,female,master,NY,Enterprise Engineer,SOAP/REST APIs/GraphQL/React/Angular/UI/UX
2,30,male,highschool,TX,React/REST APIs/Java/SOAP/C#/,5,female,master,TX,Site Reliability Engineer,C/C++/Java/Python/Go/Perl/Ruby/Unix/Linux/TCP/IP/SDN
0,30,male,highschool,TX,React/REST APIs/Java/SOAP/C#/,6,female,bachelor,GA,Quality Assurance Engineer,HTML/CSS/XML/NodeJS/Angular/NoSQL
8,30,male,highschool,TX,React/REST APIs/Java/SOAP/C#/,7,female,bachelor,TX,Mobile Software Engineer,Java/C#/Objective-C/Swift
1,30,male,highschool,TX,React/REST APIs/Java/SOAP/C#/,8,male,bachelor,WA,Quality Assurance Engineer,HTML/CSS/XML/NodeJS/Angular/NoSQL
7,30,male,highschool,TX,React/REST APIs/Java/SOAP/C#/,9,male,master,AZ,Back-End Software Engineer,C/C++/Java/C#/Ruby/Python/Flask/Datastrcutes and Algorithms/Operating System/Linux/Git
4,31,female,highschool,CA,SDN/RFP/Unix/TCP/RFP/,0,male,master,CA,Enterprise Engineer,SOAP/REST APIs/GraphQL/React/Angular/UI/UX
7,31,female,highschool,CA,SDN/RFP/Unix/TCP/RFP/,1,male,bachelor,NJ,Mobile Software Engineer,Java/C#/Objective-C/Swift
10,31,female,highschool,CA,SDN/RFP/Unix/TCP/RFP/,2,female,bachelor,NY,Mobile Software Engineer,Java/C#/Objective-C/Swift
2,31,female,highschool,CA,SDN/RFP/Unix/TCP/RFP/,3,male,bachelor,WA,Mobile Software Engineer,Java/C#/Objective-C/Swift
10,31,female,highschool,CA,SDN/RFP/Unix/TCP/RFP/,4,female,master,NY,Mobile Software Engineer,Java/C#/Objective-C/Swift
1,31,female,highschool,CA,SDN/RFP/Unix/TCP/RFP/,5,male,master,AZ,Quality Assurance Engineer,HTML/CSS/XML/NodeJS/Angular/NoSQL
2,31,female,highschool,CA,SDN/RFP/Unix/TCP/RFP/,6,male,master,NY,UX Designer,HTML/CSS/Photoshop/Illustrator/AfterEffect/Wireframing
7,31,female,highschool,CA,SDN/RFP/Unix/TCP/RFP/,7,male,bachelor,UT,Quality Assurance Engineer,HTML/CSS/XML/NodeJS/Angular/NoSQL
9,31,female,highschool,CA,SDN/RFP/Unix/TCP/RFP/,8,female,master,NJ,Sales Engineer,PaaS/IaaS/Cloud/RFI/RFP/SQL
9,31,female,highschool,CA,SDN/RFP/Unix/TCP/RFP/,9,male,bachelor,WA,Quality Assurance Engineer,HTML/CSS/XML/NodeJS/Angular/NoSQL
3,32,male,bachelor,UT,SDN/RESTful APIs/Unix/Datastrcutes and Algorithms/C++/,0,female,bachelor,GA,Product Engineer,CAD/CAM
0,32,male,bachelor,UT,SDN/RESTful APIs/Unix/Datastrcutes and Algorithms/C++/,1,female,master,NY,UX Designer,HTML/CSS/Photoshop/Illustrator/AfterEffect/Wireframing
1,32,male,bachelor,UT,SDN/RESTful APIs/Unix/Datastrcutes and Algorithms/C++/,2,female,master,NJ,UX Designer,HTML/CSS/Photoshop/Illustrator/AfterEffect/Wireframing
5,32,male,bachelor,UT,SDN/RESTful APIs/Unix/Datastrcutes and Algorithms/C++/,3,male,bachelor,UT,Mobile Software Engineer,Java/C#/Objective-C/Swift
1,32,male,bachelor,UT,SDN/RESTful APIs/Unix/Datastrcutes and Algorithms/C++/,4,female,master,CA,UX Designer,HTML/CSS/Photoshop/Illustrator/AfterEffect/Wireframing
8,32,male,bachelor,UT,SDN/RESTful APIs/Unix/Datastrcutes and Algorithms/C++/,5,male,bachelor,UT,Product Engineer,CAD/CAM
7,32,male,bachelor,UT,SDN/RESTful APIs/Unix/Datastrcutes and Algorithms/C++/,6,female,master,WA,Site Reliability Engineer,C/C++/Java/Python/Go/Perl/Ruby/Unix/Linux/TCP/IP/SDN
7,32,male,bachelor,UT,SDN/RESTful APIs/Unix/Datastrcutes and Algorithms/C++/,7,male,bachelor,AZ,Front-End Software Engineer,HTML/CSS/Javascript/RESTful APIs/Bootstrap/jQuery/Angular/React/Git
0,32,male,bachelor,UT,SDN/RESTful APIs/Unix/Datastrcutes and Algorithms/C++/,8,female,master,GA,UX Designer,HTML/CSS/Photoshop/Illustrator/AfterEffect/Wireframing
8,32,male,bachelor,UT,SDN/RESTful APIs/Unix/Datastrcutes and Algorithms/C++/,9,male,master,NY,Back-End Software Engineer,C/C++/Java/C#/Ruby/Python/Flask/Datastrcutes and Algorithms/Operating System/Linux/Git
6,33,male,bachelor,TX,Python/IaaS/RFI/NodeJS/Cloud/,0,male,bachelor,CA,Sales Engineer,PaaS/IaaS/Cloud/RFI/RFP/SQL
0,33,male,bachelor,TX,Python/IaaS/RFI/NodeJS/Cloud/,1,male,bachelor,AZ,Front-End Software Engineer,HTML/CSS/Javascript/RESTful APIs/Bootstrap/jQuery/Angular/React/Git
1,33,male,bachelor,TX,Python/IaaS/RFI/NodeJS/Cloud/,2,male,master,TX,UX Designer,HTML/CSS/Photoshop/Illustrator/AfterEffect/Wireframing
10,33,male,bachelor,TX,Python/IaaS/RFI/NodeJS/Cloud/,3,female,bachelor,TX,Full Stack Software Engineer,HTML/CSS/Javascript/RESTful APIs/Bootstrap/jQuery/Angular/React/Git/C/C++/Java/C#/Ruby/Python/Flask/Datastrcutes and Algorithms/Operating System/Linux
9,33,male,bachelor,TX,Python/IaaS/RFI/NodeJS/Cloud/,4,male,bachelor,WA,Product Engineer,CAD/CAM
2,33,male,bachelor,TX,Python/IaaS/RFI/NodeJS/Cloud/,5,female,master,NY,Sales Engineer,PaaS/IaaS/Cloud/RFI/RFP/SQL
7,33,male,bachelor,TX,Python/IaaS/RFI/NodeJS/Cloud/,6,male,master,GA,UX Designer,HTML/CSS/Photoshop/Illustrator/AfterEffect/Wireframing
3,33,male,bachelor,TX,Python/IaaS/RFI/NodeJS/Cloud/,7,female,master,TX,Site Reliability Engineer,C/C++/Java/Python/Go/Perl/Ruby/Unix/Linux/TCP/IP/SDN
4,33,male,bachelor,TX,Python/IaaS/RFI/NodeJS/Cloud/,8,male,master,NJ,Quality Assurance Engineer,HTML/CSS/XML/NodeJS/Angular/NoSQL
2,33,male,bachelor,TX,Python/IaaS/RFI/NodeJS/Cloud/,9,female,bachelor,NY,Front-End Software Engineer,HTML/CSS/Javascript/RESTful APIs/Bootstrap/jQuery/Angular/React/Git
1,34,female,highschool,TX,IP/Angular/Illustrator/UX/Linux/,0,female,master,AZ,Mobile Software Engineer,Java/C#/Objective-C/Swift
10,34,female,highschool,TX,IP/Angular/Illustrator/UX/Linux/,1,male,bachelor,AZ,Product Engineer,CAD/CAM
7,34,female,highschool,TX,IP/Angular/Illustrator/UX/Linux/,2,female,bachelor,UT,Full Stack Software Engineer,HTML/CSS/Javascript/RESTful APIs/Bootstrap/jQuery/Angular/React/Git/C/C++/Java/C#/Ruby/Python/Flask/Datastrcutes and Algorithms/Operating System/Linux
4,34,female,highschool,TX,IP/Angular/Illustrator/UX/Linux/,3,male,bachelor,GA,Site Reliability Engineer,C/C++/Java/Python/Go/Perl/Ruby/Unix/Linux/TCP/IP/SDN
2,34,female,highschool,TX,IP/Angular/Illustrator/UX/Linux/,4,male,bachelor,TX,Back-End Software Engineer,C/C++/Java/C#/Ruby/Python/Flask/Datastrcutes and Algorithms/Operating System/Linux/Git
4,34,female,highschool,TX,IP/Angular/Illustrator/UX/Linux/,5,female,bachelor,NY,Sales Engineer,PaaS/IaaS/Cloud/RFI/RFP/SQL
2,34,female,highschool,TX,IP/Angular/Illustrator/UX/Linux/,6,female,bachelor,NY,Mobile Software Engineer,Java/C#/Objective-C/Swift
3,34,female,highschool,TX,IP/Angular/Illustrator/UX/Linux/,7,female,master,NJ,Site Reliability Engineer,C/C++/Java/Python/Go/Perl/Ruby/Unix/Linux/TCP/IP/SDN
1,34,female,highschool,TX,IP/Angular/Illustrator/UX/Linux/,8,male,bachelor,AZ,Mobile Software Engineer,Java/C#/Objective-C/Swift
0,34,female,highschool,TX,IP/Angular/Illustrator/UX/Linux/,9,male,bachelor,NY,Product Engineer,CAD/CAM
0,35,male,bachelor,CA,SDN/Python/C++/CAD/NodeJS/,0,female,master,NJ,Mobile Software Engineer,Java/C#/Objective-C/Swift
9,35,male,bachelor,CA,SDN/Python/C++/CAD/NodeJS/,1,female,bachelor,NY,Full Stack Software Engineer,HTML/CSS/Javascript/RESTful APIs/Bootstrap/jQuery/Angular/React/Git/C/C++/Java/C#/Ruby/Python/Flask/Datastrcutes and Algorithms/Operating System/Linux
9,35,male,bachelor,CA,SDN/Python/C++/CAD/NodeJS/,2,male,master,NJ,Enterprise Engineer,SOAP/REST APIs/GraphQL/React/Angular/UI/UX
0,35,male,bachelor,CA,SDN/Python/C++/CAD/NodeJS/,3,female,bachelor,NJ,Mobile Software Engineer,Java/C#/Objective-C/Swift
7,35,male,bachelor,CA,SDN/Python/C++/CAD/NodeJS/,4,male,bachelor,NY,Site Reliability Engineer,C/C++/Java/Python/Go/Perl/Ruby/Unix/Linux/TCP/IP/SDN
7,35,male,bachelor,CA,SDN/Python/C++/CAD/NodeJS/,5,male,master,NY,UX Designer,HTML/CSS/Photoshop/Illustrator/AfterEffect/Wireframing
2,35,male,bachelor,CA,SDN/Python/C++/CAD/NodeJS/,6,male,bachelor,NJ,Mobile Software Engineer,Java/C#/Objective-C/Swift
8,35,male,bachelor,CA,SDN/Python/C++/CAD/NodeJS/,7,male,master,GA,Front-End Software Engineer,HTML/CSS/Javascript/RESTful APIs/Bootstrap/jQuery/Angular/React/Git
7,35,male,bachelor,CA,SDN/Python/C++/CAD/NodeJS/,8,male,master,CA,UX Designer,HTML/CSS/Photoshop/Illustrator/AfterEffect/Wireframing
8,35,male,bachelor,CA,SDN/Python/C++/CAD/NodeJS/,9,female,master,TX,Front-End Software Engineer,HTML/CSS/Javascript/RESTful APIs/Bootstrap/jQuery/Angular/React/Git
10,36,male,bachelor,TX,Perl/Illustrator/RFI/SQL/Angular/,0,male,master,NY,Back-End Software Engineer,C/C++/Java/C#/Ruby/Python/Flask/Datastrcutes and Algorithms/Operating System/Linux/Git
2,36,male,bachelor,TX,Perl/Illustrator/RFI/SQL/Angular/,1,female,master,UT,Sales Engineer,PaaS/IaaS/Cloud/RFI/RFP/SQL
6,36,male,bachelor,TX,Perl/Illustrator/RFI/SQL/Angular/,2,female,master,NJ,Back-End Software Engineer,C/C++/Java/C#/Ruby/Python/Flask/Datastrcutes and Algorithms/Operating System/Linux/Git
10,36,male,bachelor,TX,Perl/Illustrator/RFI/SQL/Angular/,3,female,master,CA,Back-End Software Engineer,C/C++/Java/C#/Ruby/Python/Flask/Datastrcutes and Algorithms/Operating System/Linux/Git
7,36,male,bachelor,TX,Perl/Illustrator/RFI/SQL/Angular/,4,male,bachelor,UT,Full Stack Software Engineer,HTML/CSS/Javascript/RESTful APIs/Bootstrap/jQuery/Angular/React/Git/C/C++/Java/C#/Ruby/Python/Flask/Datastrcutes and Algorithms/Operating System/Linux
9,36,male,bachelor,TX,Perl/Illustrator/RFI/SQL/Angular/,5,female,master,UT,Enterprise Engineer,SOAP/REST APIs/GraphQL/React/Angular/UI/UX
10,36,male,bachelor,TX,Perl/Illustrator/RFI/SQL/Angular/,6,male,master,TX,Enterprise Engineer,SOAP/REST APIs/GraphQL/React/Angular/UI/UX
10,36,male,bachelor,TX,Perl/Illustrator/RFI/SQL/Angular/,7,female,master,GA,Enterprise Engineer,SOAP/REST APIs/GraphQL/React/Angular/UI/UX
2,36,male,bachelor,TX,Perl/Illustrator/RFI/SQL/Angular/,8,female,master,WA,Full Stack Software Engineer,HTML/CSS/Javascript/RESTful APIs/Bootstrap/jQuery/Angular/React/Git/C/C++/Java/C#/Ruby/Python/Flask/Datastrcutes and Algorithms/Operating System/Linux
6,36,male,bachelor,TX,Perl/Illustrator/RFI/SQL/Angular/,9,male,bachelor,UT,Quality Assurance Engineer,HTML/CSS/XML/NodeJS/Angular/NoSQL
2,37,male,bachelor,GA,CSS/CAM/RESTful APIs/Javascript/SOAP/,0,female,bachelor,NJ,Product Engineer,CAD/CAM
0,37,male,bachelor,GA,CSS/CAM/RESTful APIs/Javascript/SOAP/,1,female,master,AZ,Quality Assurance Engineer,HTML/CSS/XML/NodeJS/Angular/NoSQL
1,37,male,bachelor,GA,CSS/CAM/RESTful APIs/Javascript/SOAP/,2,female,master,NY,Full Stack Software Engineer,HTML/CSS/Javascript/RESTful APIs/Bootstrap/jQuery/Angular/React/Git/C/C++/Java/C#/Ruby/Python/Flask/Datastrcutes and Algorithms/Operating System/Linux
3,37,male,bachelor,GA,CSS/CAM/RESTful APIs/Javascript/SOAP/,3,male,bachelor,CA,Site Reliability Engineer,C/C++/Java/Python/Go/Perl/Ruby/Unix/Linux/TCP/IP/SDN
9,37,male,bachelor,GA,CSS/CAM/RESTful APIs/Javascript/SOAP/,4,male,master,CA,Full Stack Software Engineer,HTML/CSS/Javascript/RESTful APIs/Bootstrap/jQuery/Angular/React/Git/C/C++/Java/C#/Ruby/Python/Flask/Datastrcutes and Algorithms/Operating System/Linux
0,37,male,bachelor,GA,CSS/CAM/RESTful APIs/Javascript/SOAP/,5,female,bachelor,GA,Front-End Software Engineer,HTML/CSS/Javascript/RESTful APIs/Bootstrap/jQuery/Angular/React/Git
2,37,male,bachelor,GA,CSS/CAM/RESTful APIs/Javascript/SOAP/,6,male,bachelor,WA,Front-End Software Engineer,HTML/CSS/Javascript/RESTful APIs/Bootstrap/jQuery/Angular/React/Git
9,37,male,bachelor,GA,CSS/CAM/RESTful APIs/Javascript/SOAP/,7,male,master,UT,Quality Assurance Engineer,HTML/CSS/XML/NodeJS/Angular/NoSQL
5,37,male,bachelor,GA,CSS/CAM/RESTful APIs/Javascript/SOAP/,8,male,master,NY,Full Stack Software Engineer,HTML/CSS/Javascript/RESTful APIs/Bootstrap/jQuery/Angular/React/Git/C/C++/Java/C#/Ruby/Python/Flask/Datastrcutes and Algorithms/Operating System/Linux
4,37,male,bachelor,GA,CSS/CAM/RESTful APIs/Javascript/SOAP/,9,male,bachelor,UT,Full Stack Software Engineer,HTML/CSS/Javascript/RESTful APIs/Bootstrap/jQuery/Angular/React/Git/C/C++/Java/C#/Ruby/Python/Flask/Datastrcutes and Algorithms/Operating System/Linux
1,38,female,highschool,NY,Bootstrap/TCP/PaaS/Go/Photoshop/,0,female,master,GA,Back-End Software Engineer,C/C++/Java/C#/Ruby/Python/Flask/Datastrcutes and Algorithms/Operating System/Linux/Git
6,38,female,highschool,NY,Bootstrap/TCP/PaaS/Go/Photoshop/,1,female,bachelor,TX,Sales Engineer,PaaS/IaaS/Cloud/RFI/RFP/SQL
1,38,female,highschool,NY,Bootstrap/TCP/PaaS/Go/Photoshop/,2,female,master,UT,Enterprise Engineer,SOAP/REST APIs/GraphQL/React/Angular/UI/UX
4,38,female,highschool,NY,Bootstrap/TCP/PaaS/Go/Photoshop/,3,female,bachelor,TX,Back-End Software Engineer,C/C++/Java/C#/Ruby/Python/Flask/Datastrcutes and Algorithms/Operating System/Linux/Git
2,38,female,highschool,NY,Bootstrap/TCP/PaaS/Go/Photoshop/,4,female,bachelor,CA,Full Stack Software Engineer,HTML/CSS/Javascript/RESTful APIs/Bootstrap/jQuery/Angular/React/Git/C/C++/Java/C#/Ruby/Python/Flask/Datastrcutes and Algorithms/Operating System/Linux
1,38,female,highschool,NY,Bootstrap/TCP/PaaS/Go/Photoshop/,5,male,bachelor,TX,Sales Engineer,PaaS/IaaS/Cloud/RFI/RFP/SQL
3,38,female,highschool,NY,Bootstrap/TCP/PaaS/Go/Photoshop/,6,female,bachelor,NY,Back-End Software Engineer,C/C++/Java/C#/Ruby/Python/Flask/Datastrcutes and Algorithms/Operating System/Linux/Git
2,38,female,highschool,NY,Bootstrap/TCP/PaaS/Go/Photoshop/,7,male,bachelor,WA,Enterprise Engineer,SOAP/REST APIs/GraphQL/React/Angular/UI/UX
5,38,female,highschool,NY,Bootstrap/TCP/PaaS/Go/Photoshop/,8,male,master,WA,UX Designer,HTML/CSS/Photoshop/Illustrator/AfterEffect/Wireframing
10,38,female,highschool,NY,Bootstrap/TCP/PaaS/Go/Photoshop/,9,male,master,NJ,Product Engineer,CAD/CAM
8,39,male,bachelor,CA,C++/Bootstrap/XML/CAM/Javascript/,0,female,master,UT,Mobile Software Engineer,Java/C#/Objective-C/Swift
5,39,male,bachelor,CA,C++/Bootstrap/XML/CAM/Javascript/,1,female,bachelor,WA,UX Designer,HTML/CSS/Photoshop/Illustrator/AfterEffect/Wireframing
10,39,male,bachelor,CA,C++/Bootstrap/XML/CAM/Javascript/,2,male,master,NY,Mobile Software Engineer,Java/C#/Objective-C/Swift
4,39,male,bachelor,CA,C++/Bootstrap/XML/CAM/Javascript/,3,male,bachelor,TX,Enterprise Engineer,SOAP/REST APIs/GraphQL/React/Angular/UI/UX
2,39,male,bachelor,CA,C++/Bootstrap/XML/CAM/Javascript/,4,male,bachelor,WA,Enterprise Engineer,SOAP/REST APIs/GraphQL/React/Angular/UI/UX
10,39,male,bachelor,CA,C++/Bootstrap/XML/CAM/Javascript/,5,male,bachelor,UT,Enterprise Engineer,SOAP/REST APIs/GraphQL/React/Angular/UI/UX
9,39,male,bachelor,CA,C++/Bootstrap/XML/CAM/Javascript/,6,female,master,WA,Sales Engineer,PaaS/IaaS/Cloud/RFI/RFP/SQL
6,39,male,bachelor,CA,C++/Bootstrap/XML/CAM/Javascript/,7,female,bachelor,NY,Site Reliability Engineer,C/C++/Java/Python/Go/Perl/Ruby/Unix/Linux/TCP/IP/SDN
4,39,male,bachelor,CA,C++/Bootstrap/XML/CAM/Javascript/,8,male,master,GA,Mobile Software Engineer,Java/C#/Objective-C/Swift
2,39,male,bachelor,CA,C++/Bootstrap/XML/CAM/Javascript/,9,female,bachelor,NJ,Quality Assurance Engineer,HTML/CSS/XML/NodeJS/Angular/NoSQL
2,40,female,bachelor,TX,Datastrcutes and Algorithms/Javascript/Unix/Git/React/,0,female,master,NY,Mobile Software Engineer,Java/C#/Objective-C/Swift
9,40,female,bachelor,TX,Datastrcutes and Algorithms/Javascript/Unix/Git/React/,1,female,bachelor,UT,Back-End Software Engineer,C/C++/Java/C#/Ruby/Python/Flask/Datastrcutes and Algorithms/Operating System/Linux/Git
4,40,female,bachelor,TX,Datastrcutes and Algorithms/Javascript/Unix/Git/React/,2,male,master,CA,Mobile Software Engineer,Java/C#/Objective-C/Swift
3,40,female,bachelor,TX,Datastrcutes and Algorithms/Javascript/Unix/Git/React/,3,male,bachelor,WA,Back-End Software Engineer,C/C++/Java/C#/Ruby/Python/Flask/Datastrcutes and Algorithms/Operating System/Linux/Git
6,40,female,bachelor,TX,Datastrcutes and Algorithms/Javascript/Unix/Git/React/,4,male,bachelor,TX,Enterprise Engineer,SOAP/REST APIs/GraphQL/React/Angular/UI/UX
3,40,female,bachelor,TX,Datastrcutes and Algorithms/Javascript/Unix/Git/React/,5,female,master,WA,UX Designer,HTML/CSS/Photoshop/Illustrator/AfterEffect/Wireframing
0,40,female,bachelor,TX,Datastrcutes and Algorithms/Javascript/Unix/Git/React/,6,female,bachelor,AZ,Full Stack Software Engineer,HTML/CSS/Javascript/RESTful APIs/Bootstrap/jQuery/Angular/React/Git/C/C++/Java/C#/Ruby/Python/Flask/Datastrcutes and Algorithms/Operating System/Linux
9,40,female,bachelor,TX,Datastrcutes and Algorithms/Javascript/Unix/Git/React/,7,female,master,NJ,Back-End Software Engineer,C/C++/Java/C#/Ruby/Python/Flask/Datastrcutes and Algorithms/Operating System/Linux/Git
2,40,female,bachelor,TX,Datastrcutes and Algorithms/Javascript/Unix/Git/React/,8,male,master,GA,Enterprise Engineer,SOAP/REST APIs/GraphQL/React/Angular/UI/UX
3,40,female,bachelor,TX,Datastrcutes and Algorithms/Javascript/Unix/Git/React/,9,female,bachelor,NY,Sales Engineer,PaaS/IaaS/Cloud/RFI/RFP/SQL
3,41,male,bachelor,GA,NoSQL/Unix/NodeJS/HTML/Bootstrap/,0,female,bachelor,WA,Full Stack Software Engineer,HTML/CSS/Javascript/RESTful APIs/Bootstrap/jQuery/Angular/React/Git/C/C++/Java/C#/Ruby/Python/Flask/Datastrcutes and Algorithms/Operating System/Linux
3,41,male,bachelor,GA,NoSQL/Unix/NodeJS/HTML/Bootstrap/,1,male,master,NY,UX Designer,HTML/CSS/Photoshop/Illustrator/AfterEffect/Wireframing
8,41,male,bachelor,GA,NoSQL/Unix/NodeJS/HTML/Bootstrap/,2,female,master,WA,Site Reliability Engineer,C/C++/Java/Python/Go/Perl/Ruby/Unix/Linux/TCP/IP/SDN
7,41,male,bachelor,GA,NoSQL/Unix/NodeJS/HTML/Bootstrap/,3,female,master,NJ,Enterprise Engineer,SOAP/REST APIs/GraphQL/React/Angular/UI/UX
1,41,male,bachelor,GA,NoSQL/Unix/NodeJS/HTML/Bootstrap/,4,female,master,NY,Quality Assurance Engineer,HTML/CSS/XML/NodeJS/Angular/NoSQL
3,41,male,bachelor,GA,NoSQL/Unix/NodeJS/HTML/Bootstrap/,5,male,bachelor,UT,Full Stack Software Engineer,HTML/CSS/Javascript/RESTful APIs/Bootstrap/jQuery/Angular/React/Git/C/C++/Java/C#/Ruby/Python/Flask/Datastrcutes and Algorithms/Operating System/Linux
6,41,male,bachelor,GA,NoSQL/Unix/NodeJS/HTML/Bootstrap/,6,female,master,WA,Full Stack Software Engineer,HTML/CSS/Javascript/RESTful APIs/Bootstrap/jQuery/Angular/React/Git/C/C++/Java/C#/Ruby/Python/Flask/Datastrcutes and Algorithms/Operating System/Linux
4,41,male,bachelor,GA,NoSQL/Unix/NodeJS/HTML/Bootstrap/,7,female,master,NY,Mobile Software Engineer,Java/C#/Objective-C/Swift
2,41,male,bachelor,GA,NoSQL/Unix/NodeJS/HTML/Bootstrap/,8,female,master,NY,Mobile Software Engineer,Java/C#/Objective-C/Swift
2,41,male,bachelor,GA,NoSQL/Unix/NodeJS/HTML/Bootstrap/,9,male,bachelor,NJ,Enterprise Engineer,SOAP/REST APIs/GraphQL/React/Angular/UI/UX
10,42,male,highschool,NY,IP/Datastrcutes and Algorithms/Wireframing/Angular/XML/,0,female,bachelor,NY,Sales Engineer,PaaS/IaaS/Cloud/RFI/RFP/SQL
0,42,male,highschool,NY,IP/Datastrcutes and Algorithms/Wireframing/Angular/XML/,1,female,bachelor,TX,UX Designer,HTML/CSS/Photoshop/Illustrator/AfterEffect/Wireframing
4,42,male,highschool,NY,IP/Datastrcutes and Algorithms/Wireframing/Angular/XML/,2,female,master,NJ,Sales Engineer,PaaS/IaaS/Cloud/RFI/RFP/SQL
6,42,male,highschool,NY,IP/Datastrcutes and Algorithms/Wireframing/Angular/XML/,3,female,bachelor,NJ,Front-End Software Engineer,HTML/CSS/Javascript/RESTful APIs/Bootstrap/jQuery/Angular/React/Git
9,42,male,highschool,NY,IP/Datastrcutes and Algorithms/Wireframing/Angular/XML/,4,male,master,TX,Enterprise Engineer,SOAP/REST APIs/GraphQL/React/Angular/UI/UX
6,42,male,highschool,NY,IP/Datastrcutes and Algorithms/Wireframing/Angular/XML/,5,female,bachelor,NY,Enterprise Engineer,SOAP/REST APIs/GraphQL/React/Angular/UI/UX
1,42,male,highschool,NY,IP/Datastrcutes and Algorithms/Wireframing/Angular/XML/,6,male,master,CA,Product Engineer,CAD/CAM
3,42,male,highschool,NY,IP/Datastrcutes and Algorithms/Wireframing/Angular/XML/,7,female,master,GA,Sales Engineer,PaaS/IaaS/Cloud/RFI/RFP/SQL
2,42,male,highschool,NY,IP/Datastrcutes and Algorithms/Wireframing/Angular/XML/,8,female,bachelor,TX,Site Reliability Engineer,C/C++/Java/Python/Go/Perl/Ruby/Unix/Linux/TCP/IP/SDN
3,42,male,highschool,NY,IP/Datastrcutes and Algorithms/Wireframing/Angular/XML/,9,female,bachelor,UT,UX Designer,HTML/CSS/Photoshop/Illustrator/AfterEffect/Wireframing
10,43,male,highschool,NY,CAD/C#/React/Swift/Bootstrap/,0,male,bachelor,NJ,Sales Engineer,PaaS/IaaS/Cloud/RFI/RFP/SQL
2,43,male,highschool,NY,CAD/C#/React/Swift/Bootstrap/,1,male,master,GA,UX Designer,HTML/CSS/Photoshop/Illustrator/AfterEffect/Wireframing
3,43,male,highschool,NY,CAD/C#/React/Swift/Bootstrap/,2,male,bachelor,AZ,UX Designer,HTML/CSS/Photoshop/Illustrator/AfterEffect/Wireframing
10,43,male,highschool,NY,CAD/C#/React/Swift/Bootstrap/,3,female,master,AZ,Sales Engineer,PaaS/IaaS/Cloud/RFI/RFP/SQL
0,43,male,highschool,NY,CAD/C#/React/Swift/Bootstrap/,4,male,bachelor,WA,Site Reliability Engineer,C/C++/Java/Python/Go/Perl/Ruby/Unix/Linux/TCP/IP/SDN
10,43,male,highschool,NY,CAD/C#/React/Swift/Bootstrap/,5,male,bachelor,CA,UX Designer,HTML/CSS/Photoshop/Illustrator/AfterEffect/Wireframing
7,43,male,highschool,NY,CAD/C#/React/Swift/Bootstrap/,6,female,bachelor,CA,Front-End Software Engineer,HTML/CSS/Javascript/RESTful APIs/Bootstrap/jQuery/Angular/React/Git
5,43,male,highschool,NY,CAD/C#/React/Swift/Bootstrap/,7,female,bachelor,GA,Product Engineer,CAD/CAM
0,43,male,highschool,NY,CAD/C#/React/Swift/Bootstrap/,8,male,master,GA,Product Engineer,CAD/CAM
7,43,male,highschool,NY,CAD/C#/React/Swift/Bootstrap/,9,female,master,NY,Front-End Software Engineer,HTML/CSS/Javascript/RESTful APIs/Bootstrap/jQuery/Angular/React/Git
5,44,male,bachelor,UT,Angular/CSS/RFI/Java/CSS/,0,male,master,CA,Front-End Software Engineer,HTML/CSS/Javascript/RESTful APIs/Bootstrap/jQuery/Angular/React/Git
4,44,male,bachelor,UT,Angular/CSS/RFI/Java/CSS/,1,male,master,TX,Full Stack Software Engineer,HTML/CSS/Javascript/RESTful APIs/Bootstrap/jQuery/Angular/React/Git/C/C++/Java/C#/Ruby/Python/Flask/Datastrcutes and Algorithms/Operating System/Linux
0,44,male,bachelor,UT,Angular/CSS/RFI/Java/CSS/,2,female,master,WA,Full Stack Software Engineer,HTML/CSS/Javascript/RESTful APIs/Bootstrap/jQuery/Angular/React/Git/C/C++/Java/C#/Ruby/Python/Flask/Datastrcutes and Algorithms/Operating System/Linux
6,44,male,bachelor,UT,Angular/CSS/RFI/Java/CSS/,3,female,master,NJ,Back-End Software Engineer,C/C++/Java/C#/Ruby/Python/Flask/Datastrcutes and Algorithms/Operating System/Linux/Git
3,44,male,bachelor,UT,Angular/CSS/RFI/Java/CSS/,4,female,bachelor,WA,Sales Engineer,PaaS/IaaS/Cloud/RFI/RFP/SQL
2,44,male,bachelor,UT,Angular/CSS/RFI/Java/CSS/,5,female,bachelor,TX,UX Designer,HTML/CSS/Photoshop/Illustrator/AfterEffect/Wireframing
1,44,male,bachelor,UT,Angular/CSS/RFI/Java/CSS/,6,male,master,AZ,Front-End Software Engineer,HTML/CSS/Javascript/RESTful APIs/Bootstrap/jQuery/Angular/React/Git
2,44,male,bachelor,UT,Angular/CSS/RFI/Java/CSS/,7,female,bachelor,TX,Product Engineer,CAD/CAM
5,44,male,bachelor,UT,Angular/CSS/RFI/Java/CSS/,8,male,bachelor,NY,Product Engineer,CAD/CAM
3,44,male,bachelor,UT,Angular/CSS/RFI/Java/CSS/,9,male,bachelor,CA,Sales Engineer,PaaS/IaaS/Cloud/RFI/RFP/SQL
1,45,female,highschool,TX,Angular/RFP/SQL/C/Go/,0,female,bachelor,UT,Front-End Software Engineer,HTML/CSS/Javascript/RESTful APIs/Bootstrap/jQuery/Angular/React/Git
2,45,female,highschool,TX,Angular/RFP/SQL/C/Go/,1,male,master,TX,Site Reliability Engineer,C/C++/Java/Python/Go/Perl/Ruby/Unix/Linux/TCP/IP/SDN
3,45,female,highschool,TX,Angular/RFP/SQL/C/Go/,2,female,master,CA,Sales Engineer,PaaS/IaaS/Cloud/RFI/RFP/SQL
5,45,female,highschool,TX,Angular/RFP/SQL/C/Go/,3,male,bachelor,AZ,Quality Assurance Engineer,HTML/CSS/XML/NodeJS/Angular/NoSQL
9,45,female,highschool,TX,Angular/RFP/SQL/C/Go/,4,female,bachelor,NJ,Full Stack Software Engineer,HTML/CSS/Javascript/RESTful APIs/Bootstrap/jQuery/Angular/React/Git/C/C++/Java/C#/Ruby/Python/Flask/Datastrcutes and Algorithms/Operating System/Linux
5,45,female,highschool,TX,Angular/RFP/SQL/C/Go/,5,female,bachelor,NJ,UX Designer,HTML/CSS/Photoshop/Illustrator/AfterEffect/Wireframing
8,45,female,highschool,TX,Angular/RFP/SQL/C/Go/,6,female,bachelor,NJ,UX Designer,HTML/CSS/Photoshop/Illustrator/AfterEffect/Wireframing
9,45,female,highschool,TX,Angular/RFP/SQL/C/Go/,7,female,bachelor,UT,Site Reliability Engineer,C/C++/Java/Python/Go/Perl/Ruby/Unix/Linux/TCP/IP/SDN
3,45,female,highschool,TX,Angular/RFP/SQL/C/Go/,8,male,bachelor,UT,Product Engineer,CAD/CAM
5,45,female,highschool,TX,Angular/RFP/SQL/C/Go/,9,female,bachelor,AZ,Back-End Software Engineer,C/C++/Java/C#/Ruby/Python/Flask/Datastrcutes and Algorithms/Operating System/Linux/Git
10,46,male,bachelor,CA,NoSQL/GraphQL/C#/Angular/UX/,0,female,master,CA,Mobile Software Engineer,Java/C#/Objective-C/Swift
6,46,male,bachelor,CA,NoSQL/GraphQL/C#/Angular/UX/,1,female,master,NY,Quality Assurance Engineer,HTML/CSS/XML/NodeJS/Angular/NoSQL
1,46,male,bachelor,CA,NoSQL/GraphQL/C#/Angular/UX/,2,male,master,WA,Enterprise Engineer,SOAP/REST APIs/GraphQL/React/Angular/UI/UX
9,46,male,bachelor,CA,NoSQL/GraphQL/C#/Angular/UX/,3,male,bachelor,GA,Product Engineer,CAD/CAM
4,46,male,bachelor,CA,NoSQL/GraphQL/C#/Angular/UX/,4,female,master,WA,Sales Engineer,PaaS/IaaS/Cloud/RFI/RFP/SQL
2,46,male,bachelor,CA,NoSQL/GraphQL/C#/Angular/UX/,5,male,bachelor,GA,Front-End Software Engineer,HTML/CSS/Javascript/RESTful APIs/Bootstrap/jQuery/Angular/React/Git
1,46,male,bachelor,CA,NoSQL/GraphQL/C#/Angular/UX/,6,female,bachelor,CA,Front-End Software Engineer,HTML/CSS/Javascript/RESTful APIs/Bootstrap/jQuery/Angular/React/Git
0,46,male,bachelor,CA,NoSQL/GraphQL/C#/Angular/UX/,7,male,bachelor,UT,Enterprise Engineer,SOAP/REST APIs/GraphQL/React/Angular/UI/UX
10,46,male,bachelor,CA,NoSQL/GraphQL/C#/Angular/UX/,8,male,bachelor,NJ,Full Stack Software Engineer,HTML/CSS/Javascript/RESTful APIs/Bootstrap/jQuery/Angular/React/Git/C/C++/Java/C#/Ruby/Python/Flask/Datastrcutes and Algorithms/Operating System/Linux
0,46,male,bachelor,CA,NoSQL/GraphQL/C#/Angular/UX/,9,male,master,AZ,UX Designer,HTML/CSS/Photoshop/Illustrator/AfterEffect/Wireframing
8,47,female,highschool,GA,CAD/Angular/Linux/CAD/HTML/,0,female,master,WA,UX Designer,HTML/CSS/Photoshop/Illustrator/AfterEffect/Wireframing
1,47,female,highschool,GA,CAD/Angular/Linux/CAD/HTML/,1,male,master,UT,Enterprise Engineer,SOAP/REST APIs/GraphQL/React/Angular/UI/UX
2,47,female,highschool,GA,CAD/Angular/Linux/CAD/HTML/,2,male,bachelor,GA,Back-End Software Engineer,C/C++/Java/C#/Ruby/Python/Flask/Datastrcutes and Algorithms/Operating System/Linux/Git
3,47,female,highschool,GA,CAD/Angular/Linux/CAD/HTML/,3,male,master,CA,Quality Assurance Engineer,HTML/CSS/XML/NodeJS/Angular/NoSQL
9,47,female,highschool,GA,CAD/Angular/Linux/CAD/HTML/,4,female,bachelor,NJ,UX Designer,HTML/CSS/Photoshop/Illustrator/AfterEffect/Wireframing
10,47,female,highschool,GA,CAD/Angular/Linux/CAD/HTML/,5,male,master,WA,Back-End Software Engineer,C/C++/Java/C#/Ruby/Python/Flask/Datastrcutes and Algorithms/Operating System/Linux/Git
7,47,female,highschool,GA,CAD/Angular/Linux/CAD/HTML/,6,female,master,NJ,Site Reliability Engineer,C/C++/Java/Python/Go/Perl/Ruby/Unix/Linux/TCP/IP/SDN
5,47,female,highschool,GA,CAD/Angular/Linux/CAD/HTML/,7,female,bachelor,NJ,Product Engineer,CAD/CAM
6,47,female,highschool,GA,CAD/Angular/Linux/CAD/HTML/,8,female,master,NY,Front-End Software Engineer,HTML/CSS/Javascript/RESTful APIs/Bootstrap/jQuery/Angular/React/Git
3,47,female,highschool,GA,CAD/Angular/Linux/CAD/HTML/,9,male,bachelor,CA,Back-End Software Engineer,C/C++/Java/C#/Ruby/Python/Flask/Datastrcutes and Algorithms/Operating System/Linux/Git
10,48,female,bachelor,AZ,TCP/React/Python/HTML/SOAP/,0,female,master,NJ,Full Stack Software Engineer,HTML/CSS/Javascript/RESTful APIs/Bootstrap/jQuery/Angular/React/Git/C/C++/Java/C#/Ruby/Python/Flask/Datastrcutes and Algorithms/Operating System/Linux
8,48,female,bachelor,AZ,TCP/React/Python/HTML/SOAP/,1,female,master,AZ,Quality Assurance Engineer,HTML/CSS/XML/NodeJS/Angular/NoSQL
5,48,female,bachelor,AZ,TCP/React/Python/HTML/SOAP/,2,male,bachelor,NJ,Back-End Software Engineer,C/C++/Java/C#/Ruby/Python/Flask/Datastrcutes and Algorithms/Operating System/Linux/Git
8,48,female,bachelor,AZ,TCP/React/Python/HTML/SOAP/,3,male,master,NY,Site Reliability Engineer,C/C++/Java/Python/Go/Perl/Ruby/Unix/Linux/TCP/IP/SDN
0,48,female,bachelor,AZ,TCP/React/Python/HTML/SOAP/,4,male,bachelor,NY,Site Reliability Engineer,C/C++/Java/Python/Go/Perl/Ruby/Unix/Linux/TCP/IP/SDN
5,48,female,bachelor,AZ,TCP/React/Python/HTML/SOAP/,5,female,master,NY,Back-End Software Engineer,C/C++/Java/C#/Ruby/Python/Flask/Datastrcutes and Algorithms/Operating System/Linux/Git
6,48,female,bachelor,AZ,TCP/React/Python/HTML/SOAP/,6,male,master,GA,Quality Assurance Engineer,HTML/CSS/XML/NodeJS/Angular/NoSQL
7,48,female,bachelor,AZ,TCP/React/Python/HTML/SOAP/,7,female,master,CA,UX Designer,HTML/CSS/Photoshop/Illustrator/AfterEffect/Wireframing
3,48,female,bachelor,AZ,TCP/React/Python/HTML/SOAP/,8,female,bachelor,WA,Site Reliability Engineer,C/C++/Java/Python/Go/Perl/Ruby/Unix/Linux/TCP/IP/SDN
5,48,female,bachelor,AZ,TCP/React/Python/HTML/SOAP/,9,male,bachelor,WA,UX Designer,HTML/CSS/Photoshop/Illustrator/AfterEffect/Wireframing
9,49,male,bachelor,AZ,Javascript/Swift/SDN/NodeJS/React/,0,male,master,TX,Product Engineer,CAD/CAM
4,49,male,bachelor,AZ,Javascript/Swift/SDN/NodeJS/React/,1,female,master,GA,Back-End Software Engineer,C/C++/Java/C#/Ruby/Python/Flask/Datastrcutes and Algorithms/Operating System/Linux/Git
10,49,male,bachelor,AZ,Javascript/Swift/SDN/NodeJS/React/,2,female,bachelor,NJ,Enterprise Engineer,SOAP/REST APIs/GraphQL/React/Angular/UI/UX
9,49,male,bachelor,AZ,Javascript/Swift/SDN/NodeJS/React/,3,male,master,NJ,Sales Engineer,PaaS/IaaS/Cloud/RFI/RFP/SQL
2,49,male,bachelor,AZ,Javascript/Swift/SDN/NodeJS/React/,4,male,master,NY,UX Designer,HTML/CSS/Photoshop/Illustrator/AfterEffect/Wireframing
7,49,male,bachelor,AZ,Javascript/Swift/SDN/NodeJS/React/,5,male,bachelor,CA,UX Designer,HTML/CSS/Photoshop/Illustrator/AfterEffect/Wireframing
2,49,male,bachelor,AZ,Javascript/Swift/SDN/NodeJS/React/,6,female,bachelor,WA,Mobile Software Engineer,Java/C#/Objective-C/Swift
10,49,male,bachelor,AZ,Javascript/Swift/SDN/NodeJS/React/,7,male,bachelor,GA,Mobile Software Engineer,Java/C#/Objective-C/Swift
1,49,male,bachelor,AZ,Javascript/Swift/SDN/NodeJS/React/,8,male,bachelor,TX,Back-End Software Engineer,C/C++/Java/C#/Ruby/Python/Flask/Datastrcutes and Algorithms/Operating System/Linux/Git
7,49,male,bachelor,AZ,Javascript/Swift/SDN/NodeJS/React/,9,female,master,NJ,Site Reliability Engineer,C/C++/Java/Python/Go/Perl/Ruby/Unix/Linux/TCP/IP/SDN
